{
  "GET Category " : {
    "transaction" : "GET Category ",
    "sampleCount" : 75,
    "errorCount" : 4,
    "errorPct" : 5.3333335,
    "meanResTime" : 2282.04,
    "medianResTime" : 2288.0,
    "minResTime" : 180.0,
    "maxResTime" : 2706.0,
    "pct1ResTime" : 2546.4,
    "pct2ResTime" : 2570.6,
    "pct3ResTime" : 2706.0,
    "throughput" : 1.304370510791492,
    "receivedKBytesPerSec" : 46.03373197251256,
    "sentKBytesPerSec" : 0.5691675072609959
  },
  "SELECT COUNT(*) AS count_before_cleanup" : {
    "transaction" : "SELECT COUNT(*) AS count_before_cleanup",
    "sampleCount" : 1,
    "errorCount" : 0,
    "errorPct" : 0.0,
    "meanResTime" : 1348.0,
    "medianResTime" : 1348.0,
    "minResTime" : 1348.0,
    "maxResTime" : 1348.0,
    "pct1ResTime" : 1348.0,
    "pct2ResTime" : 1348.0,
    "pct3ResTime" : 1348.0,
    "throughput" : 0.741839762611276,
    "receivedKBytesPerSec" : 0.010866793397626112,
    "sentKBytesPerSec" : 0.0
  },
  "06 - Add to Cart" : {
    "transaction" : "06 - Add to Cart",
    "sampleCount" : 51,
    "errorCount" : 1,
    "errorPct" : 1.9607843,
    "meanResTime" : 5025.392156862747,
    "medianResTime" : 5031.0,
    "minResTime" : 3194.0,
    "maxResTime" : 6112.0,
    "pct1ResTime" : 5871.0,
    "pct2ResTime" : 6026.4,
    "pct3ResTime" : 6112.0,
    "throughput" : 1.0086825814362848,
    "receivedKBytesPerSec" : 1.1718904516326814,
    "sentKBytesPerSec" : 0.5060409703130871
  },
  "POST Add to Cart" : {
    "transaction" : "POST Add to Cart",
    "sampleCount" : 51,
    "errorCount" : 1,
    "errorPct" : 1.9607843,
    "meanResTime" : 2059.392156862745,
    "medianResTime" : 2091.0,
    "minResTime" : 415.0,
    "maxResTime" : 2138.0,
    "pct1ResTime" : 2111.8,
    "pct2ResTime" : 2117.6,
    "pct3ResTime" : 2138.0,
    "throughput" : 1.0591900311526479,
    "receivedKBytesPerSec" : 1.2305701583592938,
    "sentKBytesPerSec" : 0.5313798026998962
  },
  "GET Cart" : {
    "transaction" : "GET Cart",
    "sampleCount" : 50,
    "errorCount" : 0,
    "errorPct" : 0.0,
    "meanResTime" : 2219.0399999999995,
    "medianResTime" : 2203.5,
    "minResTime" : 2144.0,
    "maxResTime" : 2360.0,
    "pct1ResTime" : 2312.7,
    "pct2ResTime" : 2335.95,
    "pct3ResTime" : 2360.0,
    "throughput" : 1.3853869385719433,
    "receivedKBytesPerSec" : 78.96976133246515,
    "sentKBytesPerSec" : 0.6034009517608268
  },
  "03 - Browse Category" : {
    "transaction" : "03 - Browse Category",
    "sampleCount" : 75,
    "errorCount" : 4,
    "errorPct" : 5.3333335,
    "meanResTime" : 5291.920000000001,
    "medianResTime" : 5350.0,
    "minResTime" : 2969.0,
    "maxResTime" : 6360.0,
    "pct1ResTime" : 6033.8,
    "pct2ResTime" : 6102.6,
    "pct3ResTime" : 6360.0,
    "throughput" : 1.2565339766787293,
    "receivedKBytesPerSec" : 44.345489121557094,
    "sentKBytesPerSec" : 0.5482938362819997
  },
  "GET Home" : {
    "transaction" : "GET Home",
    "sampleCount" : 100,
    "errorCount" : 22,
    "errorPct" : 22.0,
    "meanResTime" : 2199.4200000000005,
    "medianResTime" : 2231.5,
    "minResTime" : 1018.0,
    "maxResTime" : 2801.0,
    "pct1ResTime" : 2708.0,
    "pct2ResTime" : 2743.95,
    "pct3ResTime" : 2800.83,
    "throughput" : 1.5842337061563323,
    "receivedKBytesPerSec" : 42.78767703811666,
    "sentKBytesPerSec" : 0.48269620734450747
  },
  "02 - Home" : {
    "transaction" : "02 - Home",
    "sampleCount" : 100,
    "errorCount" : 22,
    "errorPct" : 22.0,
    "meanResTime" : 5301.540000000002,
    "medianResTime" : 5140.0,
    "minResTime" : 4426.0,
    "maxResTime" : 6273.0,
    "pct1ResTime" : 6139.1,
    "pct2ResTime" : 6193.05,
    "pct3ResTime" : 6272.8099999999995,
    "throughput" : 1.5337188079937423,
    "receivedKBytesPerSec" : 41.4233485682735,
    "sentKBytesPerSec" : 0.46730494931059346
  },
  "Total" : {
    "transaction" : "Total",
    "sampleCount" : 373,
    "errorCount" : 62,
    "errorPct" : 16.621984,
    "meanResTime" : 2336.1367292225204,
    "medianResTime" : 2221.0,
    "minResTime" : 0.0,
    "maxResTime" : 5881.0,
    "pct1ResTime" : 2722.2,
    "pct2ResTime" : 4869.3,
    "pct3ResTime" : 4880.52,
    "throughput" : 5.781959665793431,
    "receivedKBytesPerSec" : 157.07425986459674,
    "sentKBytesPerSec" : 2.0953306412859822
  },
  "07 - View Cart" : {
    "transaction" : "07 - View Cart",
    "sampleCount" : 50,
    "errorCount" : 0,
    "errorPct" : 0.0,
    "meanResTime" : 5126.76,
    "medianResTime" : 5141.0,
    "minResTime" : 4182.0,
    "maxResTime" : 6087.0,
    "pct1ResTime" : 5776.7,
    "pct2ResTime" : 5910.7,
    "pct3ResTime" : 6087.0,
    "throughput" : 1.310753421066429,
    "receivedKBytesPerSec" : 74.71550506606197,
    "sentKBytesPerSec" : 0.5708945564410423
  },
  "GET Product" : {
    "transaction" : "GET Product",
    "sampleCount" : 56,
    "errorCount" : 4,
    "errorPct" : 7.142857,
    "meanResTime" : 2099.125,
    "medianResTime" : 2201.5,
    "minResTime" : 58.0,
    "maxResTime" : 2499.0,
    "pct1ResTime" : 2265.9,
    "pct2ResTime" : 2284.95,
    "pct3ResTime" : 2499.0,
    "throughput" : 1.0601643254704478,
    "receivedKBytesPerSec" : 33.05564783021279,
    "sentKBytesPerSec" : 0.45857135757828177
  },
  "05 - Product Page" : {
    "transaction" : "05 - Product Page",
    "sampleCount" : 63,
    "errorCount" : 4,
    "errorPct" : 6.3492064,
    "meanResTime" : 4448.142857142858,
    "medianResTime" : 4935.0,
    "minResTime" : 0.0,
    "maxResTime" : 6204.0,
    "pct1ResTime" : 5975.4,
    "pct2ResTime" : 6060.4,
    "pct3ResTime" : 6204.0,
    "throughput" : 1.1422976501305484,
    "receivedKBytesPerSec" : 31.659149798511386,
    "sentKBytesPerSec" : 0.439198147845953
  },
  "Cleanup all load test data" : {
    "transaction" : "Cleanup all load test data",
    "sampleCount" : 1,
    "errorCount" : 0,
    "errorPct" : 0.0,
    "meanResTime" : 39.0,
    "medianResTime" : 39.0,
    "minResTime" : 39.0,
    "maxResTime" : 39.0,
    "pct1ResTime" : 39.0,
    "pct2ResTime" : 39.0,
    "pct3ResTime" : 39.0,
    "throughput" : 25.64102564102564,
    "receivedKBytesPerSec" : 0.2754407051282051,
    "sentKBytesPerSec" : 0.0
  }
}