{
  "GET Category " : {
    "transaction" : "GET Category ",
    "sampleCount" : 20,
    "errorCount" : 0,
    "errorPct" : 0.0,
    "meanResTime" : 176.70000000000002,
    "medianResTime" : 178.0,
    "minResTime" : 134.0,
    "maxResTime" : 240.0,
    "pct1ResTime" : 206.60000000000002,
    "pct2ResTime" : 238.34999999999997,
    "pct3ResTime" : 240.0,
    "throughput" : 0.07155635062611806,
    "receivedKBytesPerSec" : 2.717331451252236,
    "sentKBytesPerSec" : 0.0329830053667263
  },
  "SELECT COUNT(*) AS count_before_cleanup" : {
    "transaction" : "SELECT COUNT(*) AS count_before_cleanup",
    "sampleCount" : 1,
    "errorCount" : 0,
    "errorPct" : 0.0,
    "meanResTime" : 1148.0,
    "medianResTime" : 1148.0,
    "minResTime" : 1148.0,
    "maxResTime" : 1148.0,
    "pct1ResTime" : 1148.0,
    "pct2ResTime" : 1148.0,
    "pct3ResTime" : 1148.0,
    "throughput" : 0.8710801393728222,
    "receivedKBytesPerSec" : 0.012759962979094078,
    "sentKBytesPerSec" : 0.0
  },
  "04 - Search" : {
    "transaction" : "04 - Search",
    "sampleCount" : 20,
    "errorCount" : 0,
    "errorPct" : 0.0,
    "meanResTime" : 4857.0,
    "medianResTime" : 4573.5,
    "minResTime" : 3065.0,
    "maxResTime" : 6493.0,
    "pct1ResTime" : 6214.5,
    "pct2ResTime" : 6479.15,
    "pct3ResTime" : 6493.0,
    "throughput" : 0.07046868723882542,
    "receivedKBytesPerSec" : 2.412575335430951,
    "sentKBytesPerSec" : 0.03420208745868773
  },
  "Get Registration Page" : {
    "transaction" : "Get Registration Page",
    "sampleCount" : 20,
    "errorCount" : 0,
    "errorPct" : 0.0,
    "meanResTime" : 188.3,
    "medianResTime" : 169.5,
    "minResTime" : 137.0,
    "maxResTime" : 555.0,
    "pct1ResTime" : 207.70000000000002,
    "pct2ResTime" : 537.6999999999998,
    "pct3ResTime" : 555.0,
    "throughput" : 0.07030049948504884,
    "receivedKBytesPerSec" : 1.8736044252406914,
    "sentKBytesPerSec" : 0.026774604296063525
  },
  "01 - Login" : {
    "transaction" : "01 - Login",
    "sampleCount" : 20,
    "errorCount" : 0,
    "errorPct" : 0.0,
    "meanResTime" : 4968.85,
    "medianResTime" : 4952.5,
    "minResTime" : 3919.0,
    "maxResTime" : 6109.0,
    "pct1ResTime" : 5950.000000000001,
    "pct2ResTime" : 6102.35,
    "pct3ResTime" : 6109.0,
    "throughput" : 0.06928158460840317,
    "receivedKBytesPerSec" : 0.06664293050710655,
    "sentKBytesPerSec" : 0.03917386473463421
  },
  "POST Add to Cart" : {
    "transaction" : "POST Add to Cart",
    "sampleCount" : 2387,
    "errorCount" : 0,
    "errorPct" : 0.0,
    "meanResTime" : 52.69543359865938,
    "medianResTime" : 49.0,
    "minResTime" : 22.0,
    "maxResTime" : 397.0,
    "pct1ResTime" : 74.0,
    "pct2ResTime" : 79.0,
    "pct3ResTime" : 95.11999999999989,
    "throughput" : 1.88562093568508,
    "receivedKBytesPerSec" : 2.117640699255705,
    "sentKBytesPerSec" : 0.9649075881825996
  },
  "SELECT COUNT(*) AS count_after_cleanup" : {
    "transaction" : "SELECT COUNT(*) AS count_after_cleanup",
    "sampleCount" : 1,
    "errorCount" : 0,
    "errorPct" : 0.0,
    "meanResTime" : 3.0,
    "medianResTime" : 3.0,
    "minResTime" : 3.0,
    "maxResTime" : 3.0,
    "pct1ResTime" : 3.0,
    "pct2ResTime" : 3.0,
    "pct3ResTime" : 3.0,
    "throughput" : 333.3333333333333,
    "receivedKBytesPerSec" : 7.161458333333333,
    "sentKBytesPerSec" : 0.0
  },
  "03 - Browse Category" : {
    "transaction" : "03 - Browse Category",
    "sampleCount" : 20,
    "errorCount" : 0,
    "errorPct" : 0.0,
    "meanResTime" : 4655.049999999999,
    "medianResTime" : 4703.5,
    "minResTime" : 3487.0,
    "maxResTime" : 5838.0,
    "pct1ResTime" : 5828.400000000001,
    "pct2ResTime" : 5837.8,
    "pct3ResTime" : 5838.0,
    "throughput" : 0.07015451531999228,
    "receivedKBytesPerSec" : 2.664097166196047,
    "sentKBytesPerSec" : 0.03233684690530895
  },
  "GET Home" : {
    "transaction" : "GET Home",
    "sampleCount" : 20,
    "errorCount" : 0,
    "errorPct" : 0.0,
    "meanResTime" : 150.55000000000004,
    "medianResTime" : 148.0,
    "minResTime" : 113.0,
    "maxResTime" : 193.0,
    "pct1ResTime" : 177.9,
    "pct2ResTime" : 192.25,
    "pct3ResTime" : 193.0,
    "throughput" : 0.07093229866753677,
    "receivedKBytesPerSec" : 2.4651051881656554,
    "sentKBytesPerSec" : 0.03179484871914002
  },
  "00 - Register" : {
    "transaction" : "00 - Register",
    "sampleCount" : 20,
    "errorCount" : 0,
    "errorPct" : 0.0,
    "meanResTime" : 10840.3,
    "medianResTime" : 10857.5,
    "minResTime" : 8658.0,
    "maxResTime" : 12215.0,
    "pct1ResTime" : 11816.1,
    "pct2ResTime" : 12195.1,
    "pct3ResTime" : 12215.0,
    "throughput" : 0.06758994531973424,
    "receivedKBytesPerSec" : 1.8663801697859428,
    "sentKBytesPerSec" : 0.07115095855215578
  },
  "02 - Home" : {
    "transaction" : "02 - Home",
    "sampleCount" : 20,
    "errorCount" : 0,
    "errorPct" : 0.0,
    "meanResTime" : 3732.35,
    "medianResTime" : 3692.5,
    "minResTime" : 2717.0,
    "maxResTime" : 5084.0,
    "pct1ResTime" : 4812.900000000001,
    "pct2ResTime" : 5071.9,
    "pct3ResTime" : 5084.0,
    "throughput" : 0.0698428884224936,
    "receivedKBytesPerSec" : 2.427244990518828,
    "sentKBytesPerSec" : 0.031306529087816955
  },
  "Search Product" : {
    "transaction" : "Search Product",
    "sampleCount" : 20,
    "errorCount" : 0,
    "errorPct" : 0.0,
    "meanResTime" : 158.15,
    "medianResTime" : 154.5,
    "minResTime" : 123.0,
    "maxResTime" : 185.0,
    "pct1ResTime" : 184.70000000000002,
    "pct2ResTime" : 185.0,
    "pct3ResTime" : 185.0,
    "throughput" : 0.07119413929845295,
    "receivedKBytesPerSec" : 2.4374120084934607,
    "sentKBytesPerSec" : 0.034554186749346794
  },
  "Total" : {
    "transaction" : "Total",
    "sampleCount" : 2530,
    "errorCount" : 0,
    "errorPct" : 0.0,
    "meanResTime" : 58.523715415019744,
    "medianResTime" : 50.0,
    "minResTime" : 3.0,
    "maxResTime" : 1148.0,
    "pct1ResTime" : 78.0,
    "pct2ResTime" : 123.0,
    "pct3ResTime" : 198.3800000000001,
    "throughput" : 1.945419076333477,
    "receivedKBytesPerSec" : 4.672282039773824,
    "sentKBytesPerSec" : 0.9927342766597386
  },
  "Submit Registration" : {
    "transaction" : "Submit Registration",
    "sampleCount" : 20,
    "errorCount" : 0,
    "errorPct" : 0.0,
    "meanResTime" : 202.39999999999998,
    "medianResTime" : 202.5,
    "minResTime" : 176.0,
    "maxResTime" : 234.0,
    "pct1ResTime" : 221.10000000000002,
    "pct2ResTime" : 233.39999999999998,
    "pct3ResTime" : 234.0,
    "throughput" : 0.07034327518289252,
    "receivedKBytesPerSec" : 0.06766418560073158,
    "sentKBytesPerSec" : 0.04725845328327237
  },
  "GET Product" : {
    "transaction" : "GET Product",
    "sampleCount" : 20,
    "errorCount" : 0,
    "errorPct" : 0.0,
    "meanResTime" : 149.1,
    "medianResTime" : 150.5,
    "minResTime" : 106.0,
    "maxResTime" : 189.0,
    "pct1ResTime" : 185.00000000000003,
    "pct2ResTime" : 188.85,
    "pct3ResTime" : 189.0,
    "throughput" : 0.07119236533074193,
    "receivedKBytesPerSec" : 2.4373512746993016,
    "sentKBytesPerSec" : 0.03316284986598037
  },
  "05 - Product Page" : {
    "transaction" : "05 - Product Page",
    "sampleCount" : 20,
    "errorCount" : 0,
    "errorPct" : 0.0,
    "meanResTime" : 4521.3,
    "medianResTime" : 4512.5,
    "minResTime" : 3484.0,
    "maxResTime" : 6016.0,
    "pct1ResTime" : 5428.900000000001,
    "pct2ResTime" : 5988.549999999999,
    "pct3ResTime" : 6016.0,
    "throughput" : 0.07013876955556568,
    "receivedKBytesPerSec" : 2.4012802298096783,
    "sentKBytesPerSec" : 0.03267206355273909
  },
  "Post Login" : {
    "transaction" : "Post Login",
    "sampleCount" : 20,
    "errorCount" : 0,
    "errorPct" : 0.0,
    "meanResTime" : 30.9,
    "medianResTime" : 32.0,
    "minResTime" : 16.0,
    "maxResTime" : 45.0,
    "pct1ResTime" : 36.900000000000006,
    "pct2ResTime" : 44.599999999999994,
    "pct3ResTime" : 45.0,