{
  "GET Category " : {
    "transaction" : "GET Category ",
    "sampleCount" : 50,
    "errorCount" : 0,
    "errorPct" : 0.0,
    "meanResTime" : 589.9199999999998,
    "medianResTime" : 301.5,
    "minResTime" : 114.0,
    "maxResTime" : 1859.0,
    "pct1ResTime" : 1557.6999999999998,
    "pct2ResTime" : 1634.8,
    "pct3ResTime" : 1859.0,
    "throughput" : 0.41531343705094237,
    "receivedKBytesPerSec" : 15.286113969275112,
    "sentKBytesPerSec" : 0.19143353739066873
  },
  "SELECT COUNT(*) AS count_before_cleanup" : {
    "transaction" : "SELECT COUNT(*) AS count_before_cleanup",
    "sampleCount" : 1,
    "errorCount" : 0,
    "errorPct" : 0.0,
    "meanResTime" : 1101.0,
    "medianResTime" : 1101.0,
    "minResTime" : 1101.0,
    "maxResTime" : 1101.0,
    "pct1ResTime" : 1101.0,
    "pct2ResTime" : 1101.0,
    "pct3ResTime" : 1101.0,
    "throughput" : 0.9082652134423251,
    "receivedKBytesPerSec" : 0.01330466621253406,
    "sentKBytesPerSec" : 0.0
  },
  "04 - Search" : {
    "transaction" : "04 - Search",
    "sampleCount" : 6056,
    "errorCount" : 0,
    "errorPct" : 0.0,
    "meanResTime" : 4031.433949801841,
    "medianResTime" : 3212.0,
    "minResTime" : 0.0,
    "maxResTime" : 227225.0,
    "pct1ResTime" : 3685.0,
    "pct2ResTime" : 3801.0,
    "pct3ResTime" : 4102.030000000006,
    "throughput" : 5.648979713670605,
    "receivedKBytesPerSec" : 187.15235150382165,
    "sentKBytesPerSec" : 2.7308755778637606
  },
  "03 - Browse Category" : {
    "transaction" : "03 - Browse Category",
    "sampleCount" : 50,
    "errorCount" : 0,
    "errorPct" : 0.0,
    "meanResTime" : 2391.139999999999,
    "medianResTime" : 2342.5,
    "minResTime" : 1456.0,
    "maxResTime" : 4020.0,
    "pct1ResTime" : 3138.4,
    "pct2ResTime" : 3684.8499999999995,
    "pct3ResTime" : 4020.0,
    "throughput" : 0.41026650912432716,
    "receivedKBytesPerSec" : 15.100355675421754,
    "sentKBytesPerSec" : 0.18910721904949454
  },
  "GET Home" : {
    "transaction" : "GET Home",
    "sampleCount" : 6058,
    "errorCount" : 0,
    "errorPct" : 0.0,
    "meanResTime" : 1716.7755034664935,
    "medianResTime" : 1444.5,
    "minResTime" : 98.0,
    "maxResTime" : 224263.0,
    "pct1ResTime" : 1666.0,
    "pct2ResTime" : 1729.0500000000002,
    "pct3ResTime" : 2095.0,
    "throughput" : 5.637325834269321,
    "receivedKBytesPerSec" : 190.22671570052938,
    "sentKBytesPerSec" : 2.202080404011453
  },
  "02 - Home" : {
    "transaction" : "02 - Home",
    "sampleCount" : 6075,
    "errorCount" : 0,
    "errorPct" : 0.0,
    "meanResTime" : 4095.352263374487,
    "medianResTime" : 3201.0,
    "minResTime" : 0.0,
    "maxResTime" : 227071.0,
    "pct1ResTime" : 3699.4000000000005,
    "pct2ResTime" : 3799.0,
    "pct3ResTime" : 4173.439999999999,
    "throughput" : 5.642544132590035,
    "receivedKBytesPerSec" : 189.86998826559804,
    "sentKBytesPerSec" : 2.1979508973270594
  },
  "Search Product" : {
    "transaction" : "Search Product",
    "sampleCount" : 6032,
    "errorCount" : 0,
    "errorPct" : 0.0,
    "meanResTime" : 1726.1477122015897,
    "medianResTime" : 1445.0,
    "minResTime" : 95.0,
    "maxResTime" : 224191.0,
    "pct1ResTime" : 1669.0,
    "pct2ResTime" : 1755.0,
    "pct3ResTime" : 2144.4000000000015,
    "throughput" : 5.638584670378361,
    "receivedKBytesPerSec" : 187.55122842472508,
    "sentKBytesPerSec" : 2.736695880056685
  },
  "Total" : {
    "transaction" : "Total",
    "sampleCount" : 12193,
    "errorCount" : 0,
    "errorPct" : 0.0,
    "meanResTime" : 1711.3922742557231,
    "medianResTime" : 1443.0,
    "minResTime" : 0.0,
    "maxResTime" : 224263.0,
    "pct1ResTime" : 1668.0,
    "pct2ResTime" : 1741.0,
    "pct3ResTime" : 2131.2999999999975,
    "throughput" : 11.334365166789835,
    "receivedKBytesPerSec" : 378.5264640444385,
    "sentKBytesPerSec" : 4.946546807532848
  },
  "Cleanup all load test data" : {
    "transaction" : "Cleanup all load test data",
    "sampleCount" : 1,
    "errorCount" : 0,
    "errorPct" : 0.0,
    "meanResTime" : 8.0,
    "medianResTime" : 8.0,
    "minResTime" : 8.0,
    "maxResTime" : 8.0,
    "pct1ResTime" : 8.0,
    "pct2ResTime" : 8.0,
    "pct3ResTime" : 8.0,
    "throughput" : 125.0,
    "receivedKBytesPerSec" : 1.0986328125,
    "sentKBytesPerSec" : 0.0
  },
  "SELECT COUNT(*) AS count_after_cleanup" : {
    "transaction" : "SELECT COUNT(*) AS count_after_cleanup",
    "sampleCount" : 1,
    "errorCount" : 0,
    "errorPct" : 0.0,
    "meanResTime" : 4.0,
    "medianResTime" : 4.0,
    "minResTime" : 4.0,
    "maxResTime" : 4.0,
    "pct1ResTime" : 4.0,
    "pct2ResTime" : 4.0,
    "pct3ResTime" : 4.0,
    "throughput" : 250.0,
    "receivedKBytesPerSec" : 5.37109375,
    "sentKBytesPerSec" : 0.0
  }
}