{
  "GET Category " : {
    "transaction" : "GET Category ",
    "sampleCount" : 20,
    "errorCount" : 0,
    "errorPct" : 0.0,
    "meanResTime" : 176.3,
    "medianResTime" : 177.0,
    "minResTime" : 120.0,
    "maxResTime" : 208.0,
    "pct1ResTime" : 200.70000000000002,
    "pct2ResTime" : 207.65,
    "pct3ResTime" : 208.0,
    "throughput" : 0.07024642445699514,
    "receivedKBytesPerSec" : 2.62619413433575,
    "sentKBytesPerSec" : 0.0323792112731462
  },
  "SELECT COUNT(*) AS count_before_cleanup" : {
    "transaction" : "SELECT COUNT(*) AS count_before_cleanup",
    "sampleCount" : 1,
    "errorCount" : 0,
    "errorPct" : 0.0,
    "meanResTime" : 1165.0,
    "medianResTime" : 1165.0,
    "minResTime" : 1165.0,
    "maxResTime" : 1165.0,
    "pct1ResTime" : 1165.0,
    "pct2ResTime" : 1165.0,
    "pct3ResTime" : 1165.0,
    "throughput" : 0.8583690987124463,
    "receivedKBytesPerSec" : 0.0125737660944206,
    "sentKBytesPerSec" : 0.0
  },
  "04 - Search" : {
    "transaction" : "04 - Search",
    "sampleCount" : 20,
    "errorCount" : 0,
    "errorPct" : 0.0,
    "meanResTime" : 5237.350000000001,
    "medianResTime" : 5181.0,
    "minResTime" : 3767.0,
    "maxResTime" : 6283.0,
    "pct1ResTime" : 6250.2,
    "pct2ResTime" : 6281.5,
    "pct3ResTime" : 6283.0,
    "throughput" : 0.06904551480335838,
    "receivedKBytesPerSec" : 2.409216475813356,
    "sentKBytesPerSec" : 0.033511348493426865
  },
  "Get Registration Page" : {
    "transaction" : "Get Registration Page",
    "sampleCount" : 20,
    "errorCount" : 0,
    "errorPct" : 0.0,
    "meanResTime" : 182.10000000000002,
    "medianResTime" : 175.5,
    "minResTime" : 145.0,
    "maxResTime" : 233.0,
    "pct1ResTime" : 215.8,
    "pct2ResTime" : 232.14999999999998,
    "pct3ResTime" : 233.0,
    "throughput" : 0.07044113762437262,
    "receivedKBytesPerSec" : 1.876802302544686,
    "sentKBytesPerSec" : 0.026828167649907544
  },
  "01 - Login" : {
    "transaction" : "01 - Login",
    "sampleCount" : 20,
    "errorCount" : 0,
    "errorPct" : 0.0,
    "meanResTime" : 4963.700000000001,
    "medianResTime" : 4881.5,
    "minResTime" : 3776.0,
    "maxResTime" : 6094.0,
    "pct1ResTime" : 5849.400000000001,
    "pct2ResTime" : 6082.4,
    "pct3ResTime" : 6094.0,
    "throughput" : 0.06891015149896808,
    "receivedKBytesPerSec" : 0.06574728321727716,
    "sentKBytesPerSec" : 0.03896384542763917
  },
  "POST Add to Cart" : {
    "transaction" : "POST Add to Cart",
    "sampleCount" : 4159,
    "errorCount" : 0,
    "errorPct" : 0.0,
    "meanResTime" : 49.116133685982135,
    "medianResTime" : 48.0,
    "minResTime" : 22.0,
    "maxResTime" : 159.0,
    "pct1ResTime" : 71.0,
    "pct2ResTime" : 75.0,
    "pct3ResTime" : 83.0,
    "throughput" : 3.289301978326513,
    "receivedKBytesPerSec" : 3.6683426359852325,
    "sentKBytesPerSec" : 1.6831974967217704
  },
  "SELECT COUNT(*) AS count_after_cleanup" : {
    "transaction" : "SELECT COUNT(*) AS count_after_cleanup",
    "sampleCount" : 1,
    "errorCount" : 0,
    "errorPct" : 0.0,
    "meanResTime" : 5.0,
    "medianResTime" : 5.0,
    "minResTime" : 5.0,
    "maxResTime" : 5.0,
    "pct1ResTime" : 5.0,
    "pct2ResTime" : 5.0,
    "pct3ResTime" : 5.0,
    "throughput" : 200.0,
    "receivedKBytesPerSec" : 4.296875,
    "sentKBytesPerSec" : 0.0
  },
  "03 - Browse Category" : {
    "transaction" : "03 - Browse Category",
    "sampleCount" : 20,
    "errorCount" : 0,
    "errorPct" : 0.0,
    "meanResTime" : 4847.1,
    "medianResTime" : 5028.0,
    "minResTime" : 3746.0,
    "maxResTime" : 6236.0,
    "pct1ResTime" : 5711.400000000001,
    "pct2ResTime" : 6210.75,
    "pct3ResTime" : 6236.0,
    "throughput" : 0.06926838729340704,
    "receivedKBytesPerSec" : 2.589629775622376,
    "sentKBytesPerSec" : 0.031928397268054805
  },
  "GET Home" : {
    "transaction" : "GET Home",
    "sampleCount" : 20,
    "errorCount" : 0,
    "errorPct" : 0.0,
    "meanResTime" : 158.35000000000002,
    "medianResTime" : 156.0,
    "minResTime" : 112.0,
    "maxResTime" : 212.0,
    "pct1ResTime" : 201.5,
    "pct2ResTime" : 211.5,
    "pct3ResTime" : 212.0,
    "throughput" : 0.07007782142068766,
    "receivedKBytesPerSec" : 2.434862117506491,
    "sentKBytesPerSec" : 0.0314118359688434
  },
  "00 - Register" : {
    "transaction" : "00 - Register",
    "sampleCount" : 20,
    "errorCount" : 0,
    "errorPct" : 0.0,
    "meanResTime" : 10292.749999999998,
    "medianResTime" : 10393.0,
    "minResTime" : 8947.0,
    "maxResTime" : 11534.0,
    "pct1ResTime" : 11120.7,
    "pct2ResTime" : 11514.15,
    "pct3ResTime" : 11534.0,
    "throughput" : 0.06761188075968709,
    "receivedKBytesPerSec" : 1.8659294436218334,
    "sentKBytesPerSec" : 0.0711740496727585
  },
  "02 - Home" : {
    "transaction" : "02 - Home",
    "sampleCount" : 20,
    "errorCount" : 0,
    "errorPct" : 0.0,
    "meanResTime" : 3971.55,
    "medianResTime" : 3944.0,
    "minResTime" : 2555.0,
    "maxResTime" : 4928.0,
    "pct1ResTime" : 4807.9,
    "pct2ResTime" : 4922.0,
    "pct3ResTime" : 4928.0,
    "throughput" : 0.06907174482134593,
    "receivedKBytesPerSec" : 2.3999058681627607,
    "sentKBytesPerSec" : 0.0309608699931619
  },
  "Search Product" : {
    "transaction" : "Search Product",
    "sampleCount" : 20,
    "errorCount" : 0,
    "errorPct" : 0.0,
    "meanResTime" : 165.69999999999996,
    "medianResTime" : 166.5,
    "minResTime" : 124.0,
    "maxResTime" : 210.0,
    "pct1ResTime" : 188.9,
    "pct2ResTime" : 208.95,
    "pct3ResTime" : 210.0,
    "throughput" : 0.07029209881663251,
    "receivedKBytesPerSec" : 2.4527137363062206,
    "sentKBytesPerSec" : 0.034116379992056994
  },
  "Total" : {
    "transaction" : "Total",
    "sampleCount" : 4302,
    "errorCount" : 0,
    "errorPct" : 0.0,
    "meanResTime" : 52.759646675964554,
    "medianResTime" : 48.0,
    "minResTime" : 5.0,
    "maxResTime" : 1165.0,
    "pct1ResTime" : 73.0,
    "pct2ResTime" : 79.0,
    "pct3ResTime" : 183.97000000000025,
    "throughput" : 3.3149554422830194,
    "receivedKBytesPerSec" : 6.201231134488019,
    "sentKBytesPerSec" : 1.6935458674306783
  },
  "Submit Registration" : {
    "transaction" : "Submit Registration",
    "sampleCount" : 20,
    "errorCount" : 0,
    "errorPct" : 0.0,
    "meanResTime" : 203.1,
    "medianResTime" : 202.0,
    "minResTime" : 183.0,
    "maxResTime" : 241.0,
    "pct1ResTime" : 216.70000000000002,
    "pct2ResTime" : 239.79999999999998,
    "pct3ResTime" : 241.0,
    "throughput" : 0.07019735987729502,
    "receivedKBytesPerSec" : 0.06697541074230198,
    "sentKBytesPerSec" : 0.04716042356209483
  },
  "GET Product" : {
    "transaction" : "GET Product",
    "sampleCount" : 20,
    "errorCount" : 0,
    "errorPct" : 0.0,
    "meanResTime" : 157.79999999999998,
    "medianResTime" : 161.0,
    "minResTime" : 117.0,
    "maxResTime" : 187.0,
    "pct1ResTime" : 183.20000000000002,
    "pct2ResTime" : 186.85,
    "pct3ResTime" : 187.0,
    "throughput" : 0.06990049664302865,
    "receivedKBytesPerSec" : 2.439049497415429,
    "sentKBytesPerSec" : 0.03256107119016081
  },
  "05 - Product Page" : {
    "transaction" : "05 - Product Page",
    "sampleCount" : 20,
    "errorCount" : 0,
    "errorPct" : 0.0,
    "meanResTime" : 4379.650000000001,
    "medianResTime" : 4119.5,
    "minResTime" : 3401.0,
    "maxResTime" : 5569.0,
    "pct1ResTime" : 5530.400000000001,
    "pct2ResTime" : 5567.55,
    "pct3ResTime" : 5569.0,
    "throughput" : 0.0689869269773378,
    "receivedKBytesPerSec" : 2.4071721611879546,
    "sentKBytesPerSec" : 0.032135511882998166
  },
  "Post Login" : {
    "transaction" : "Post Login",
    "sampleCount" : 20,
    "errorCount" : 0,
    "errorPct" : 0.0,
    "meanResTime" : 32.6,
    "medianResTime" : 34.5,
    "minResTime" : 16.0,
    "maxResTime" : 49.0,
    "pct1ResTime" : 43.0,
    "pct2ResTime" : 48.699999999999996,
    "pct3ResTime" : 49.0,
    "throughput" : 0.06980680965428178,