{
  "GET Category " : {
    "transaction" : "GET Category ",
    "sampleCount" : 20,
    "errorCount" : 0,
    "errorPct" : 0.0,
    "meanResTime" : 170.39999999999998,
    "medianResTime" : 168.0,
    "minResTime" : 134.0,
    "maxResTime" : 235.0,
    "pct1ResTime" : 216.50000000000009,
    "pct2ResTime" : 234.25,
    "pct3ResTime" : 235.0,
    "throughput" : 0.0697953600044669,
    "receivedKBytesPerSec" : 2.650458348310254,
    "sentKBytesPerSec" : 0.03217129875205896
  },
  "SELECT COUNT(*) AS count_before_cleanup" : {
    "transaction" : "SELECT COUNT(*) AS count_before_cleanup",
    "sampleCount" : 1,
    "errorCount" : 0,
    "errorPct" : 0.0,
    "meanResTime" : 1139.0,
    "medianResTime" : 1139.0,
    "minResTime" : 1139.0,
    "maxResTime" : 1139.0,
    "pct1ResTime" : 1139.0,
    "pct2ResTime" : 1139.0,
    "pct3ResTime" : 1139.0,
    "throughput" : 0.8779631255487269,
    "receivedKBytesPerSec" : 0.01286078797190518,
    "sentKBytesPerSec" : 0.0
  },
  "04 - Search" : {
    "transaction" : "04 - Search",
    "sampleCount" : 20,
    "errorCount" : 0,
    "errorPct" : 0.0,
    "meanResTime" : 4547.2,
    "medianResTime" : 4588.0,
    "minResTime" : 3449.0,
    "maxResTime" : 6006.0,
    "pct1ResTime" : 5807.000000000001,
    "pct2ResTime" : 5998.15,
    "pct3ResTime" : 6006.0,
    "throughput" : 0.0689816922588745,
    "receivedKBytesPerSec" : 2.3739065862857496,
    "sentKBytesPerSec" : 0.03348037212173889
  },
  "Get Registration Page" : {
    "transaction" : "Get Registration Page",
    "sampleCount" : 20,
    "errorCount" : 0,
    "errorPct" : 0.0,
    "meanResTime" : 187.15,
    "medianResTime" : 172.5,
    "minResTime" : 136.0,
    "maxResTime" : 496.0,
    "pct1ResTime" : 192.5,
    "pct2ResTime" : 480.8499999999998,
    "pct3ResTime" : 496.0,
    "throughput" : 0.0699422976044763,
    "receivedKBytesPerSec" : 1.8640578553942997,
    "sentKBytesPerSec" : 0.026638179751704846
  },
  "01 - Login" : {
    "transaction" : "01 - Login",
    "sampleCount" : 20,
    "errorCount" : 0,
    "errorPct" : 0.0,
    "meanResTime" : 5183.799999999999,
    "medianResTime" : 5253.5,
    "minResTime" : 3797.0,
    "maxResTime" : 6486.0,
    "pct1ResTime" : 6121.3,
    "pct2ResTime" : 6467.799999999999,
    "pct3ResTime" : 6486.0,
    "throughput" : 0.06858663520826332,
    "receivedKBytesPerSec" : 0.06597444890638611,
    "sentKBytesPerSec" : 0.038780919712484825
  },
  "POST Add to Cart" : {
    "transaction" : "POST Add to Cart",
    "sampleCount" : 3679,
    "errorCount" : 0,
    "errorPct" : 0.0,
    "meanResTime" : 50.65914650720309,
    "medianResTime" : 48.0,
    "minResTime" : 23.0,
    "maxResTime" : 103.0,
    "pct1ResTime" : 70.0,
    "pct2ResTime" : 76.0,
    "pct3ResTime" : 84.0,
    "throughput" : 2.7521089652623854,
    "receivedKBytesPerSec" : 3.0907473730974058,
    "sentKBytesPerSec" : 1.4083057595678614
  },
  "SELECT COUNT(*) AS count_after_cleanup" : {
    "transaction" : "SELECT COUNT(*) AS count_after_cleanup",
    "sampleCount" : 1,
    "errorCount" : 0,
    "errorPct" : 0.0,
    "meanResTime" : 5.0,
    "medianResTime" : 5.0,
    "minResTime" : 5.0,
    "maxResTime" : 5.0,
    "pct1ResTime" : 5.0,
    "pct2ResTime" : 5.0,
    "pct3ResTime" : 5.0,
    "throughput" : 200.0,
    "receivedKBytesPerSec" : 4.296875,
    "sentKBytesPerSec" : 0.0
  },
  "03 - Browse Category" : {
    "transaction" : "03 - Browse Category",
    "sampleCount" : 20,
    "errorCount" : 0,
    "errorPct" : 0.0,
    "meanResTime" : 4963.8,
    "medianResTime" : 5019.0,
    "minResTime" : 3469.0,
    "maxResTime" : 6234.0,
    "pct1ResTime" : 6115.1,
    "pct2ResTime" : 6228.3,
    "pct3ResTime" : 6234.0,
    "throughput" : 0.06862735005781855,
    "receivedKBytesPerSec" : 2.606103512776697,
    "sentKBytesPerSec" : 0.03163291916727574
  },
  "GET Home" : {
    "transaction" : "GET Home",
    "sampleCount" : 20,
    "errorCount" : 0,
    "errorPct" : 0.0,
    "meanResTime" : 147.65000000000003,
    "medianResTime" : 149.0,
    "minResTime" : 119.0,
    "maxResTime" : 189.0,
    "pct1ResTime" : 174.00000000000003,
    "pct2ResTime" : 188.29999999999998,
    "pct3ResTime" : 189.0,
    "throughput" : 0.06988681829776676,
    "receivedKBytesPerSec" : 2.428771682385377,
    "sentKBytesPerSec" : 0.031326220311206
  },
  "00 - Register" : {
    "transaction" : "00 - Register",
    "sampleCount" : 20,
    "errorCount" : 0,
    "errorPct" : 0.0,
    "meanResTime" : 10764.449999999999,
    "medianResTime" : 10924.5,
    "minResTime" : 8744.0,
    "maxResTime" : 11711.0,
    "pct1ResTime" : 11582.300000000001,
    "pct2ResTime" : 11705.3,
    "pct3ResTime" : 11711.0,
    "throughput" : 0.06749437265667975,
    "receivedKBytesPerSec" : 1.8637410949612074,
    "sentKBytesPerSec" : 0.07103716809642245
  },
  "02 - Home" : {
    "transaction" : "02 - Home",
    "sampleCount" : 20,
    "errorCount" : 0,
    "errorPct" : 0.0,
    "meanResTime" : 3897.6,
    "medianResTime" : 4031.5,
    "minResTime" : 2921.0,
    "maxResTime" : 5079.0,
    "pct1ResTime" : 4584.3,
    "pct2ResTime" : 5054.299999999999,
    "pct3ResTime" : 5079.0,
    "throughput" : 0.06894578448237229,
    "receivedKBytesPerSec" : 2.3960680003654122,
    "sentKBytesPerSec" : 0.030904409255282105
  },
  "Search Product" : {
    "transaction" : "Search Product",
    "sampleCount" : 20,
    "errorCount" : 0,
    "errorPct" : 0.0,
    "meanResTime" : 163.04999999999998,
    "medianResTime" : 165.0,
    "minResTime" : 131.0,
    "maxResTime" : 222.0,
    "pct1ResTime" : 179.9,
    "pct2ResTime" : 219.89999999999998,
    "pct3ResTime" : 222.0,
    "throughput" : 0.06975811374060445,
    "receivedKBytesPerSec" : 2.4006260245722957,
    "sentKBytesPerSec" : 0.03385720950105509
  },
  "Total" : {
    "transaction" : "Total",
    "sampleCount" : 3822,
    "errorCount" : 0,
    "errorPct" : 0.0,
    "meanResTime" : 54.64992150706427,
    "medianResTime" : 49.0,
    "minResTime" : 5.0,
    "maxResTime" : 1139.0,
    "pct1ResTime" : 74.0,
    "pct2ResTime" : 82.0,
    "pct3ResTime" : 179.0,
    "throughput" : 2.7822790228391474,
    "receivedKBytesPerSec" : 5.484725827540559,
    "sentKBytesPerSec" : 1.4211161371728347
  },
  "Submit Registration" : {
    "transaction" : "Submit Registration",
    "sampleCount" : 20,
    "errorCount" : 0,
    "errorPct" : 0.0,
    "meanResTime" : 209.45000000000005,
    "medianResTime" : 209.0,
    "minResTime" : 184.0,
    "maxResTime" : 245.0,
    "pct1ResTime" : 228.70000000000002,
    "pct2ResTime" : 244.2,
    "pct3ResTime" : 245.0,
    "throughput" : 0.06990660477601925,
    "receivedKBytesPerSec" : 0.06724414619568257,
    "sentKBytesPerSec" : 0.04695143304170628
  },
  "GET Product" : {
    "transaction" : "GET Product",
    "sampleCount" : 20,
    "errorCount" : 0,
    "errorPct" : 0.0,
    "meanResTime" : 156.85,
    "medianResTime" : 157.5,
    "minResTime" : 118.0,
    "maxResTime" : 202.0,
    "pct1ResTime" : 187.8,
    "pct2ResTime" : 201.29999999999998,
    "pct3ResTime" : 202.0,
    "throughput" : 0.07008641655160813,
    "receivedKBytesPerSec" : 2.4119240977249947,
    "sentKBytesPerSec" : 0.03264767646007527
  },
  "05 - Product Page" : {
    "transaction" : "05 - Product Page",
    "sampleCount" : 20,
    "errorCount" : 0,
    "errorPct" : 0.0,
    "meanResTime" : 4823.45,
    "medianResTime" : 4856.0,
    "minResTime" : 2852.0,
    "maxResTime" : 6313.0,
    "pct1ResTime" : 6174.700000000001,
    "pct2ResTime" : 6306.85,
    "pct3ResTime" : 6313.0,
    "throughput" : 0.06868202625713864,
    "receivedKBytesPerSec" : 2.363594008094177,
    "sentKBytesPerSec" : 0.03199348293423353
  },
  "Post Login" : {
    "transaction" : "Post Login",
    "sampleCount" : 20,
    "errorCount" : 0,
    "errorPct" : 0.0,
    "meanResTime" : 32.6,
    "medianResTime" : 33.0,
    "minResTime" : 19.0,
    "maxResTime" : 38.0,
    "pct1ResTime" : 38.0,
    "pct2ResTime" : 38.0,
    "pct3ResTime" : 38.0,
    "throughput" : 0.06992469110767703,