{
  "GET Category " : {
    "transaction" : "GET Category ",
    "sampleCount" : 20,
    "errorCount" : 0,
    "errorPct" : 0.0,
    "meanResTime" : 174.45,
    "medianResTime" : 172.0,
    "minResTime" : 134.0,
    "maxResTime" : 270.0,
    "pct1ResTime" : 216.50000000000009,
    "pct2ResTime" : 267.49999999999994,
    "pct3ResTime" : 270.0,
    "throughput" : 0.07063019794112974,
    "receivedKBytesPerSec" : 2.641093476859781,
    "sentKBytesPerSec" : 0.03255610686348948
  },
  "SELECT COUNT(*) AS count_before_cleanup" : {
    "transaction" : "SELECT COUNT(*) AS count_before_cleanup",
    "sampleCount" : 1,
    "errorCount" : 0,
    "errorPct" : 0.0,
    "meanResTime" : 1156.0,
    "medianResTime" : 1156.0,
    "minResTime" : 1156.0,
    "maxResTime" : 1156.0,
    "pct1ResTime" : 1156.0,
    "pct2ResTime" : 1156.0,
    "pct3ResTime" : 1156.0,
    "throughput" : 0.8650519031141869,
    "receivedKBytesPerSec" : 0.012671658737024222,
    "sentKBytesPerSec" : 0.0
  },
  "04 - Search" : {
    "transaction" : "04 - Search",
    "sampleCount" : 20,
    "errorCount" : 0,
    "errorPct" : 0.0,
    "meanResTime" : 4523.45,
    "medianResTime" : 4463.0,
    "minResTime" : 2785.0,
    "maxResTime" : 6113.0,
    "pct1ResTime" : 5965.0,
    "pct2ResTime" : 6105.9,
    "pct3ResTime" : 6113.0,
    "throughput" : 0.06965971230538819,
    "receivedKBytesPerSec" : 2.402685245855247,
    "sentKBytesPerSec" : 0.033809450210720626
  },
  "Get Registration Page" : {
    "transaction" : "Get Registration Page",
    "sampleCount" : 20,
    "errorCount" : 0,
    "errorPct" : 0.0,
    "meanResTime" : 189.1,
    "medianResTime" : 175.5,
    "minResTime" : 129.0,
    "maxResTime" : 497.0,
    "pct1ResTime" : 208.20000000000002,
    "pct2ResTime" : 482.5999999999998,
    "pct3ResTime" : 497.0,
    "throughput" : 0.07010656197420079,
    "receivedKBytesPerSec" : 1.8684357254276502,
    "sentKBytesPerSec" : 0.026700741376892878
  },
  "01 - Login" : {
    "transaction" : "01 - Login",
    "sampleCount" : 20,
    "errorCount" : 0,
    "errorPct" : 0.0,
    "meanResTime" : 5121.200000000001,
    "medianResTime" : 5111.0,
    "minResTime" : 3855.0,
    "maxResTime" : 6259.0,
    "pct1ResTime" : 6117.5,
    "pct2ResTime" : 6252.9,
    "pct3ResTime" : 6259.0,
    "throughput" : 0.06893342754235096,
    "receivedKBytesPerSec" : 0.06630803332931222,
    "sentKBytesPerSec" : 0.0389770063935754
  },
  "POST Add to Cart" : {
    "transaction" : "POST Add to Cart",
    "sampleCount" : 4028,
    "errorCount" : 0,
    "errorPct" : 0.0,
    "meanResTime" : 50.662363455809356,
    "medianResTime" : 48.0,
    "minResTime" : 22.0,
    "maxResTime" : 119.0,
    "pct1ResTime" : 71.0,
    "pct2ResTime" : 76.0,
    "pct3ResTime" : 86.0,
    "throughput" : 3.1872711720501323,
    "receivedKBytesPerSec" : 3.579454929548488,
    "sentKBytesPerSec" : 1.6309864200725286
  },
  "SELECT COUNT(*) AS count_after_cleanup" : {
    "transaction" : "SELECT COUNT(*) AS count_after_cleanup",
    "sampleCount" : 1,
    "errorCount" : 0,
    "errorPct" : 0.0,
    "meanResTime" : 4.0,
    "medianResTime" : 4.0,
    "minResTime" : 4.0,
    "maxResTime" : 4.0,
    "pct1ResTime" : 4.0,
    "pct2ResTime" : 4.0,
    "pct3ResTime" : 4.0,
    "throughput" : 250.0,
    "receivedKBytesPerSec" : 5.37109375,
    "sentKBytesPerSec" : 0.0
  },
  "03 - Browse Category" : {
    "transaction" : "03 - Browse Category",
    "sampleCount" : 20,
    "errorCount" : 0,
    "errorPct" : 0.0,
    "meanResTime" : 4856.45,
    "medianResTime" : 4695.5,
    "minResTime" : 3858.0,
    "maxResTime" : 5948.0,
    "pct1ResTime" : 5809.6,
    "pct2ResTime" : 5941.75,
    "pct3ResTime" : 5948.0,
    "throughput" : 0.06929190601245869,
    "receivedKBytesPerSec" : 2.591050376514894,
    "sentKBytesPerSec" : 0.03193923792761767
  },
  "GET Home" : {
    "transaction" : "GET Home",
    "sampleCount" : 20,
    "errorCount" : 0,
    "errorPct" : 0.0,
    "meanResTime" : 158.49999999999997,
    "medianResTime" : 151.5,
    "minResTime" : 100.0,
    "maxResTime" : 253.0,
    "pct1ResTime" : 212.60000000000005,
    "pct2ResTime" : 251.09999999999997,
    "pct3ResTime" : 253.0,
    "throughput" : 0.07019292525506354,
    "receivedKBytesPerSec" : 2.4394097959491665,
    "sentKBytesPerSec" : 0.03146343036335368
  },
  "00 - Register" : {
    "transaction" : "00 - Register",
    "sampleCount" : 20,
    "errorCount" : 0,
    "errorPct" : 0.0,
    "meanResTime" : 10776.25,
    "medianResTime" : 10778.5,
    "minResTime" : 9647.0,
    "maxResTime" : 11952.0,
    "pct1ResTime" : 11709.400000000001,
    "pct2ResTime" : 11941.25,
    "pct3ResTime" : 11952.0,
    "throughput" : 0.06740293135348456,
    "receivedKBytesPerSec" : 1.8612161005382124,
    "sentKBytesPerSec" : 0.0709442181765485
  },
  "02 - Home" : {
    "transaction" : "02 - Home",
    "sampleCount" : 20,
    "errorCount" : 0,
    "errorPct" : 0.0,
    "meanResTime" : 3821.2499999999995,
    "medianResTime" : 3771.5,
    "minResTime" : 2902.0,
    "maxResTime" : 4743.0,
    "pct1ResTime" : 4645.1,
    "pct2ResTime" : 4738.15,
    "pct3ResTime" : 4743.0,
    "throughput" : 0.06917734303660865,
    "receivedKBytesPerSec" : 2.404115338519328,
    "sentKBytesPerSec" : 0.03100820356816735
  },
  "Search Product" : {
    "transaction" : "Search Product",
    "sampleCount" : 20,
    "errorCount" : 0,
    "errorPct" : 0.0,
    "meanResTime" : 154.85000000000002,
    "medianResTime" : 147.0,
    "minResTime" : 128.0,
    "maxResTime" : 213.0,
    "pct1ResTime" : 207.40000000000006,
    "pct2ResTime" : 212.85,
    "pct3ResTime" : 213.0,
    "throughput" : 0.07058981318405941,
    "receivedKBytesPerSec" : 2.4347660510205524,
    "sentKBytesPerSec" : 0.034260876125466334
  },
  "Total" : {
    "transaction" : "Total",
    "sampleCount" : 4171,
    "errorCount" : 0,
    "errorPct" : 0.0,
    "meanResTime" : 54.39702709182446,
    "medianResTime" : 48.0,
    "minResTime" : 4.0,
    "maxResTime" : 1156.0,
    "pct1ResTime" : 73.0,
    "pct2ResTime" : 81.0,
    "pct3ResTime" : 184.27999999999975,
    "throughput" : 3.2134275199134663,
    "receivedKBytesPerSec" : 6.100024088909322,
    "sentKBytesPerSec" : 1.6415903740857987
  },
  "Submit Registration" : {
    "transaction" : "Submit Registration",
    "sampleCount" : 20,
    "errorCount" : 0,
    "errorPct" : 0.0,
    "meanResTime" : 200.54999999999995,
    "medianResTime" : 201.5,
    "minResTime" : 185.0,
    "maxResTime" : 220.0,
    "pct1ResTime" : 214.9,
    "pct2ResTime" : 219.75,
    "pct3ResTime" : 220.0,
    "throughput" : 0.06996847920012035,
    "receivedKBytesPerSec" : 0.06730366407433451,
    "sentKBytesPerSec" : 0.04699640624398708
  },
  "GET Product" : {
    "transaction" : "GET Product",
    "sampleCount" : 20,
    "errorCount" : 0,
    "errorPct" : 0.0,
    "meanResTime" : 171.70000000000002,
    "medianResTime" : 161.5,
    "minResTime" : 136.0,
    "maxResTime" : 250.0,
    "pct1ResTime" : 221.60000000000002,
    "pct2ResTime" : 248.59999999999997,
    "pct3ResTime" : 250.0,
    "throughput" : 0.07018184115042074,
    "receivedKBytesPerSec" : 2.4206943824261162,
    "sentKBytesPerSec" : 0.03269212717651435
  },
  "05 - Product Page" : {
    "transaction" : "05 - Product Page",
    "sampleCount" : 20,
    "errorCount" : 0,
    "errorPct" : 0.0,
    "meanResTime" : 4409.5999999999985,
    "medianResTime" : 4557.0,
    "minResTime" : 3045.0,
    "maxResTime" : 5733.0,
    "pct1ResTime" : 5619.1,
    "pct2ResTime" : 5727.45,
    "pct3ResTime" : 5733.0,
    "throughput" : 0.06947918403646268,
    "receivedKBytesPerSec" : 2.3964585102881304,
    "sentKBytesPerSec" : 0.03236481522011005
  },
  "Post Login" : {
    "transaction" : "Post Login",
    "sampleCount" : 20,
    "errorCount" : 0,
    "errorPct" : 0.0,
    "meanResTime" : 33.45000000000001,
    "medianResTime" : 33.0,
    "minResTime" : 17.0,
    "maxResTime" : 53.0,
    "pct1ResTime" : 41.0,
    "pct2ResTime" : 52.39999999999999,
    "pct3ResTime" : 53.0,
    "throughput" : 0.07019538886490546,