{
  "POST checkout/shipping_address|save (existing)" : {
    "transaction" : "POST checkout/shipping_address|save (existing)",
    "sampleCount" : 2921,
    "errorCount" : 0,
    "errorPct" : 0.0,
    "meanResTime" : 1483.4382060938046,
    "medianResTime" : 52.0,
    "minResTime" : 24.0,
    "maxResTime" : 4178101.0,
    "pct1ResTime" : 71.0,
    "pct2ResTime" : 77.0,
    "pct3ResTime" : 99.0,
    "throughput" : 0.19213188048042046,
    "receivedKBytesPerSec" : 0.2590290272603303,
    "sentKBytesPerSec" : 0.11970716772119948
  },
  "SELECT COUNT(*) AS count_before_cleanup" : {
    "transaction" : "SELECT COUNT(*) AS count_before_cleanup",
    "sampleCount" : 1,
    "errorCount" : 0,
    "errorPct" : 0.0,
    "meanResTime" : 1196.0,
    "medianResTime" : 1196.0,
    "minResTime" : 1196.0,
    "maxResTime" : 1196.0,
    "pct1ResTime" : 1196.0,
    "pct2ResTime" : 1196.0,
    "pct3ResTime" : 1196.0,
    "throughput" : 0.8361204013377926,
    "receivedKBytesPerSec" : 0.014697428929765886,
    "sentKBytesPerSec" : 0.0
  },
  "06 - Add to Cart" : {
    "transaction" : "06 - Add to Cart",
    "sampleCount" : 2932,
    "errorCount" : 0,
    "errorPct" : 0.0,
    "meanResTime" : 13773.459413369686,
    "medianResTime" : 5068.0,
    "minResTime" : 0.0,
    "maxResTime" : 4184303.0,
    "pct1ResTime" : 5939.700000000001,
    "pct2ResTime" : 6130.7,
    "pct3ResTime" : 6399.68,
    "throughput" : 0.1925820191186916,
    "receivedKBytesPerSec" : 0.2145543325223476,
    "sentKBytesPerSec" : 0.09844699670902814
  },
  "11 - Save Payment Methods" : {
    "transaction" : "11 - Save Payment Methods",
    "sampleCount" : 2912,
    "errorCount" : 0,
    "errorPct" : 0.0,
    "meanResTime" : 27564.217032967033,
    "medianResTime" : 12097.5,
    "minResTime" : 0.0,
    "maxResTime" : 4191085.0,
    "pct1ResTime" : 13376.800000000001,
    "pct2ResTime" : 13736.449999999999,
    "pct3ResTime" : 624241.5299999999,
    "throughput" : 0.1918617414773723,
    "receivedKBytesPerSec" : 0.33278806812109774,
    "sentKBytesPerSec" : 0.19053879800447318
  },
  "10 - Save Shipping Address " : {
    "transaction" : "10 - Save Shipping Address ",
    "sampleCount" : 2921,
    "errorCount" : 0,
    "errorPct" : 0.0,
    "meanResTime" : 43325.668948990075,
    "medianResTime" : 16661.0,
    "minResTime" : 0.0,
    "maxResTime" : 4195856.0,
    "pct1ResTime" : 18588.2,
    "pct2ResTime" : 19190.5,
    "pct3ResTime" : 739242.2200000001,
    "throughput" : 0.19213249972867286,
    "receivedKBytesPerSec" : 0.3552770609762515,
    "sentKBytesPerSec" : 0.19216949888344773
  },
  "Get confirm " : {
    "transaction" : "Get confirm ",
    "sampleCount" : 2905,
    "errorCount" : 0,
    "errorPct" : 0.0,
    "meanResTime" : 47.57452667814106,
    "medianResTime" : 47.0,
    "minResTime" : 23.0,
    "maxResTime" : 314.0,
    "pct1ResTime" : 63.0,
    "pct2ResTime" : 70.0,
    "pct3ResTime" : 97.0,
    "throughput" : 0.1915291629028384,
    "receivedKBytesPerSec" : 0.08117544599592956,
    "sentKBytesPerSec" : 0.09052745590329471
  },
  "01 - Login" : {
    "transaction" : "01 - Login",
    "sampleCount" : 2941,
    "errorCount" : 3,
    "errorPct" : 0.10200612,
    "meanResTime" : 15306.33934036042,
    "medianResTime" : 6023.0,
    "minResTime" : 0.0,
    "maxResTime" : 4184993.0,
    "pct1ResTime" : 6908.6,
    "pct2ResTime" : 7124.0,
    "pct3ResTime" : 7440.58,
    "throughput" : 0.1925200242754593,
    "receivedKBytesPerSec" : 0.1835503052949618,
    "sentKBytesPerSec" : 0.10878251027668093
  },
  "Logout-1" : {
    "transaction" : "Logout-1",
    "sampleCount" : 2895,
    "errorCount" : 0,
    "errorPct" : 0.0,
    "meanResTime" : 140.33436960276325,
    "medianResTime" : 128.0,
    "minResTime" : 86.0,
    "maxResTime" : 378.0,
    "pct1ResTime" : 201.0,
    "pct2ResTime" : 227.19999999999982,
    "pct3ResTime" : 287.0,
    "throughput" : 0.1908549431232492,
    "receivedKBytesPerSec" : 4.27969844140239,
    "sentKBytesPerSec" : 0.08610838254193469
  },
  "POST Add to Cart" : {
    "transaction" : "POST Add to Cart",
    "sampleCount" : 2929,
    "errorCount" : 0,
    "errorPct" : 0.0,
    "meanResTime" : 57.157733014680744,
    "medianResTime" : 56.0,
    "minResTime" : 23.0,
    "maxResTime" : 169.0,
    "pct1ResTime" : 77.0,
    "pct2ResTime" : 83.0,
    "pct3ResTime" : 98.0,
    "throughput" : 0.1926461017446344,
    "receivedKBytesPerSec" : 0.21484555487536375,
    "sentKBytesPerSec" : 0.09858062237713713
  },
  "Logout-0" : {
    "transaction" : "Logout-0",
    "sampleCount" : 2895,
    "errorCount" : 0,
    "errorPct" : 0.0,
    "meanResTime" : 672.7761658031093,
    "medianResTime" : 29.0,
    "minResTime" : 14.0,
    "maxResTime" : 1863239.0,
    "pct1ResTime" : 39.0,
    "pct2ResTime" : 43.0,
    "pct3ResTime" : 57.0,
    "throughput" : 0.19085578613762014,
    "receivedKBytesPerSec" : 0.09896916253816045,
    "sentKBytesPerSec" : 0.0833130238315588
  },
  "SELECT COUNT(*) AS count_after_cleanup" : {
    "transaction" : "SELECT COUNT(*) AS count_after_cleanup",
    "sampleCount" : 1,
    "errorCount" : 0,
    "errorPct" : 0.0,
    "meanResTime" : 7.0,
    "medianResTime" : 7.0,
    "minResTime" : 7.0,
    "maxResTime" : 7.0,
    "pct1ResTime" : 7.0,
    "pct2ResTime" : 7.0,
    "pct3ResTime" : 7.0,
    "throughput" : 142.85714285714286,
    "receivedKBytesPerSec" : 3.0691964285714284,
    "sentKBytesPerSec" : 0.0
  },
  "09 - Save Payment Address" : {
    "transaction" : "09 - Save Payment Address",
    "sampleCount" : 2926,
    "errorCount" : 0,
    "errorPct" : 0.0,
    "meanResTime" : 34898.12781954885,
    "medianResTime" : 12073.0,
    "minResTime" : 0.0,
    "maxResTime" : 4191556.0,
    "pct1ResTime" : 13360.0,
    "pct2ResTime" : 13693.3,
    "pct3ResTime" : 625771.88,
    "throughput" : 0.19231967499946762,
    "receivedKBytesPerSec" : 0.26023200822245485,
    "sentKBytesPerSec" : 0.1211342362986363
  },
  "GET Cart" : {
    "transaction" : "GET Cart",
    "sampleCount" : 2928,
    "errorCount" : 0,
    "errorPct" : 0.0,
    "meanResTime" : 372.8995901639356,
    "medianResTime" : 153.0,
    "minResTime" : 95.0,
    "maxResTime" : 613351.0,
    "pct1ResTime" : 220.0,
    "pct2ResTime" : 249.0,
    "pct3ResTime" : 315.4200000000001,
    "throughput" : 0.19257735321896205,
    "receivedKBytesPerSec" : 11.188022270188887,
    "sentKBytesPerSec" : 0.0838764643902901
  },
  "POST Save Shipping Method" : {
    "transaction" : "POST Save Shipping Method",
    "sampleCount" : 2912,
    "errorCount" : 0,
    "errorPct" : 0.0,
    "meanResTime" : 34.54464285714281,
    "medianResTime" : 35.0,
    "minResTime" : 15.0,
    "maxResTime" : 240.0,
    "pct1ResTime" : 46.0,
    "pct2ResTime" : 51.0,
    "pct3ResTime" : 70.0,
    "throughput" : 0.1920149476251536,
    "receivedKBytesPerSec" : 0.16183862014873773,
    "sentKBytesPerSec" : 0.10013260177171374
  },
  "GET Home" : {
    "transaction" : "GET Home",
    "sampleCount" : 2936,
    "errorCount" : 0,
    "errorPct" : 0.0,
    "meanResTime" : 794.6164850136232,
    "medianResTime" : 149.0,
    "minResTime" : 95.0,
    "maxResTime" : 1863332.0,
    "pct1ResTime" : 220.0,
    "pct2ResTime" : 248.1500000000001,
    "pct3ResTime" : 300.2600000000002,
    "throughput" : 0.19266229632983575,
    "receivedKBytesPerSec" : 6.693857015526671,
    "sentKBytesPerSec" : 0.0863593691556588
  },
  "00 - Register" : {
    "transaction" : "00 - Register",
    "sampleCount" : 2948,
    "errorCount" : 3,
    "errorPct" : 0.101763904,
    "meanResTime" : 28419.51289009499,
    "medianResTime" : 12379.0,
    "minResTime" : 0.0,
    "maxResTime" : 4190553.0,
    "pct1ResTime" : 13643.1,
    "pct2ResTime" : 14016.65,
    "pct3ResTime" : 568386.7799999734,
    "throughput" : 0.1928363267008452,
    "receivedKBytesPerSec" : 5.316150556769922,
    "sentKBytesPerSec" : 0.20260279746524237
  },
  "GET Checkout" : {
    "transaction" : "GET Checkout",
    "sampleCount" : 2926,
    "errorCount" : 0,
    "errorPct" : 0.0,