{
  "POST checkout/shipping_address|save (existing)" : {
    "transaction" : "POST checkout/shipping_address|save (existing)",
    "sampleCount" : 2051,
    "errorCount" : 0,
    "errorPct" : 0.0,
    "meanResTime" : 62.78595806923455,
    "medianResTime" : 55.0,
    "minResTime" : 24.0,
    "maxResTime" : 311.0,
    "pct1ResTime" : 98.0,
    "pct2ResTime" : 119.39999999999986,
    "pct3ResTime" : 177.0,
    "throughput" : 0.18450712309045023,
    "receivedKBytesPerSec" : 0.24867493105384422,
    "sentKBytesPerSec" : 0.11495658645674535
  },
  "SELECT COUNT(*) AS count_before_cleanup" : {
    "transaction" : "SELECT COUNT(*) AS count_before_cleanup",
    "sampleCount" : 1,
    "errorCount" : 0,
    "errorPct" : 0.0,
    "meanResTime" : 1136.0,
    "medianResTime" : 1136.0,
    "minResTime" : 1136.0,
    "maxResTime" : 1136.0,
    "pct1ResTime" : 1136.0,
    "pct2ResTime" : 1136.0,
    "pct3ResTime" : 1136.0,
    "throughput" : 0.8802816901408451,
    "receivedKBytesPerSec" : 0.015473701584507043,
    "sentKBytesPerSec" : 0.0
  },
  "06 - Add to Cart" : {
    "transaction" : "06 - Add to Cart",
    "sampleCount" : 2067,
    "errorCount" : 0,
    "errorPct" : 0.0,
    "meanResTime" : 32719.46589259803,
    "medianResTime" : 5057.0,
    "minResTime" : 3579.0,
    "maxResTime" : 6117846.0,
    "pct1ResTime" : 5945.2,
    "pct2ResTime" : 6148.2,
    "pct3ResTime" : 6527.519999999998,
    "throughput" : 0.18536653609401232,
    "receivedKBytesPerSec" : 0.2067470130440378,
    "sentKBytesPerSec" : 0.09485553214185787
  },
  "11 - Save Payment Methods" : {
    "transaction" : "11 - Save Payment Methods",
    "sampleCount" : 2026,
    "errorCount" : 0,
    "errorPct" : 0.0,
    "meanResTime" : 68003.0686080948,
    "medianResTime" : 12086.5,
    "minResTime" : 9473.0,
    "maxResTime" : 6125622.0,
    "pct1ResTime" : 13397.3,
    "pct2ResTime" : 13828.25,
    "pct3ResTime" : 1087769.91,
    "throughput" : 0.18250654086867346,
    "receivedKBytesPerSec" : 0.3160440801377573,
    "sentKBytesPerSec" : 0.18092218495596601
  },
  "10 - Save Shipping Address " : {
    "transaction" : "10 - Save Shipping Address ",
    "sampleCount" : 2046,
    "errorCount" : 0,
    "errorPct" : 0.0,
    "meanResTime" : 81224.41300097751,
    "medianResTime" : 16591.5,
    "minResTime" : 0.0,
    "maxResTime" : 6130778.0,
    "pct1ResTime" : 18611.5,
    "pct2ResTime" : 19321.199999999997,
    "pct3ResTime" : 1092681.63,
    "throughput" : 0.18402179911799055,
    "receivedKBytesPerSec" : 0.3420614491993253,
    "sentKBytesPerSec" : 0.1862803679253242
  },
  "Get confirm " : {
    "transaction" : "Get confirm ",
    "sampleCount" : 2011,
    "errorCount" : 0,
    "errorPct" : 0.0,
    "meanResTime" : 59.41670810542009,
    "medianResTime" : 51.0,
    "minResTime" : 23.0,
    "maxResTime" : 429.0,
    "pct1ResTime" : 98.0,
    "pct2ResTime" : 120.0,
    "pct3ResTime" : 174.75999999999976,
    "throughput" : 0.18143484012667419,
    "receivedKBytesPerSec" : 0.07689718810056308,
    "sentKBytesPerSec" : 0.08575631115362334
  },
  "01 - Login" : {
    "transaction" : "01 - Login",
    "sampleCount" : 2082,
    "errorCount" : 4,
    "errorPct" : 0.19212297,
    "meanResTime" : 29480.20797310282,
    "medianResTime" : 6010.0,
    "minResTime" : 4555.0,
    "maxResTime" : 6118599.0,
    "pct1ResTime" : 6936.0,
    "pct2ResTime" : 7120.0,
    "pct3ResTime" : 641441.3300000275,
    "throughput" : 0.18628603710993227,
    "receivedKBytesPerSec" : 0.17772042063825602,
    "sentKBytesPerSec" : 0.10533165574868242
  },
  "Logout-1" : {
    "transaction" : "Logout-1",
    "sampleCount" : 2001,
    "errorCount" : 0,
    "errorPct" : 0.0,
    "meanResTime" : 203.7676161919041,
    "medianResTime" : 177.0,
    "minResTime" : 87.0,
    "maxResTime" : 804.0,
    "pct1ResTime" : 338.0,
    "pct2ResTime" : 400.0,
    "pct3ResTime" : 528.96,
    "throughput" : 0.18072181430612305,
    "receivedKBytesPerSec" : 4.05247490243867,
    "sentKBytesPerSec" : 0.08153659981389537
  },
  "POST Add to Cart" : {
    "transaction" : "POST Add to Cart",
    "sampleCount" : 2067,
    "errorCount" : 0,
    "errorPct" : 0.0,
    "meanResTime" : 523.7731011127238,
    "medianResTime" : 59.0,
    "minResTime" : 24.0,
    "maxResTime" : 950499.0,
    "pct1ResTime" : 94.0,
    "pct2ResTime" : 109.0,
    "pct3ResTime" : 170.27999999999975,
    "throughput" : 0.18545789392508308,
    "receivedKBytesPerSec" : 0.20684890823553276,
    "sentKBytesPerSec" : 0.0949022816569761
  },
  "Logout-0" : {
    "transaction" : "Logout-0",
    "sampleCount" : 2001,
    "errorCount" : 0,
    "errorPct" : 0.0,
    "meanResTime" : 34.56471764117938,
    "medianResTime" : 30.0,
    "minResTime" : 14.0,
    "maxResTime" : 295.0,
    "pct1ResTime" : 55.0,
    "pct2ResTime" : 66.0,
    "pct3ResTime" : 107.92000000000007,
    "throughput" : 0.18072375664810084,
    "receivedKBytesPerSec" : 0.09371515115248198,
    "sentKBytesPerSec" : 0.07889015548994247
  },
  "SELECT COUNT(*) AS count_after_cleanup" : {
    "transaction" : "SELECT COUNT(*) AS count_after_cleanup",
    "sampleCount" : 1,
    "errorCount" : 0,
    "errorPct" : 0.0,
    "meanResTime" : 5.0,
    "medianResTime" : 5.0,
    "minResTime" : 5.0,
    "maxResTime" : 5.0,
    "pct1ResTime" : 5.0,
    "pct2ResTime" : 5.0,
    "pct3ResTime" : 5.0,
    "throughput" : 200.0,
    "receivedKBytesPerSec" : 4.296875,
    "sentKBytesPerSec" : 0.0
  },
  "09 - Save Payment Address" : {
    "transaction" : "09 - Save Payment Address",
    "sampleCount" : 2055,
    "errorCount" : 0,
    "errorPct" : 0.0,
    "meanResTime" : 62311.800486618,
    "medianResTime" : 12133.0,
    "minResTime" : 0.0,
    "maxResTime" : 6125089.0,
    "pct1ResTime" : 13351.800000000001,
    "pct2ResTime" : 13739.4,
    "pct3ResTime" : 1085600.6400000001,
    "throughput" : 0.18462717753381036,
    "receivedKBytesPerSec" : 0.25216017938911134,
    "sentKBytesPerSec" : 0.11894867720467085
  },
  "GET Cart" : {
    "transaction" : "GET Cart",
    "sampleCount" : 2061,
    "errorCount" : 0,
    "errorPct" : 0.0,
    "meanResTime" : 3187.96991751577,
    "medianResTime" : 188.0,
    "minResTime" : 93.0,
    "maxResTime" : 6111850.0,
    "pct1ResTime" : 365.79999999999995,
    "pct2ResTime" : 446.7999999999997,
    "pct3ResTime" : 620.3799999999999,
    "throughput" : 0.1850187424614513,
    "receivedKBytesPerSec" : 10.748578711307877,
    "sentKBytesPerSec" : 0.08058433509551491
  },
  "POST Save Shipping Method" : {
    "transaction" : "POST Save Shipping Method",
    "sampleCount" : 2033,
    "errorCount" : 0,
    "errorPct" : 0.0,
    "meanResTime" : 42.20118052139693,
    "medianResTime" : 36.0,
    "minResTime" : 17.0,
    "maxResTime" : 270.0,
    "pct1ResTime" : 70.0,
    "pct2ResTime" : 85.0,
    "pct3ResTime" : 130.0,
    "throughput" : 0.18316518265028398,
    "receivedKBytesPerSec" : 0.15439138623946563,
    "sentKBytesPerSec" : 0.09551742885861603
  },
  "GET Home" : {
    "transaction" : "GET Home",
    "sampleCount" : 2076,
    "errorCount" : 0,
    "errorPct" : 0.0,
    "meanResTime" : 222.1618497109824,
    "medianResTime" : 192.0,
    "minResTime" : 95.0,
    "maxResTime" : 1062.0,
    "pct1ResTime" : 362.29999999999995,
    "pct2ResTime" : 432.0,
    "pct3ResTime" : 591.46,
    "throughput" : 0.18593958199599692,
    "receivedKBytesPerSec" : 6.460119694155586,
    "sentKBytesPerSec" : 0.08334596497672128
  },
  "00 - Register" : {
    "transaction" : "00 - Register",
    "sampleCount" : 2100,
    "errorCount" : 4,
    "errorPct" : 0.1904762,
    "meanResTime" : 70150.0719047618,
    "medianResTime" : 12514.0,
    "minResTime" : 9765.0,
    "maxResTime" : 6126263.0,
    "pct1ResTime" : 13815.8,
    "pct2ResTime" : 14238.95,
    "pct3ResTime" : 1087841.34,
    "throughput" : 0.18762148491148017,
    "receivedKBytesPerSec" : 5.1769487016559745,
    "sentKBytesPerSec" : 0.1968373084630334
  },
  "GET Checkout" : {
    "transaction" : "GET Checkout",
    "sampleCount" : 2057,
    "errorCount" : 0,