{
  "POST checkout/shipping_address|save (existing)" : {
    "transaction" : "POST checkout/shipping_address|save (existing)",
    "sampleCount" : 20,
    "errorCount" : 0,
    "errorPct" : 0.0,
    "meanResTime" : 49.64999999999999,
    "medianResTime" : 51.0,
    "minResTime" : 29.0,
    "maxResTime" : 71.0,
    "pct1ResTime" : 64.50000000000001,
    "pct2ResTime" : 70.69999999999999,
    "pct3ResTime" : 71.0,
    "throughput" : 0.2736801773447549,
    "receivedKBytesPerSec" : 0.36749047250882616,
    "sentKBytesPerSec" : 0.17051557924409536
  },
  "SELECT COUNT(*) AS count_before_cleanup" : {
    "transaction" : "SELECT COUNT(*) AS count_before_cleanup",
    "sampleCount" : 1,
    "errorCount" : 0,
    "errorPct" : 0.0,
    "meanResTime" : 1106.0,
    "medianResTime" : 1106.0,
    "minResTime" : 1106.0,
    "maxResTime" : 1106.0,
    "pct1ResTime" : 1106.0,
    "pct2ResTime" : 1106.0,
    "pct3ResTime" : 1106.0,
    "throughput" : 0.9041591320072332,
    "receivedKBytesPerSec" : 0.013244518535262205,
    "sentKBytesPerSec" : 0.0
  },
  "06 - Add to Cart" : {
    "transaction" : "06 - Add to Cart",
    "sampleCount" : 20,
    "errorCount" : 0,
    "errorPct" : 0.0,
    "meanResTime" : 3053.5,
    "medianResTime" : 3126.5,
    "minResTime" : 2278.0,
    "maxResTime" : 3793.0,
    "pct1ResTime" : 3692.7000000000003,
    "pct2ResTime" : 3788.45,
    "pct3ResTime" : 3793.0,
    "throughput" : 0.2628120893561104,
    "receivedKBytesPerSec" : 0.29309707621550596,
    "sentKBytesPerSec" : 0.1344858738501971
  },
  "11 - Save Payment Methods" : {
    "transaction" : "11 - Save Payment Methods",
    "sampleCount" : 20,
    "errorCount" : 0,
    "errorPct" : 0.0,
    "meanResTime" : 7834.400000000001,
    "medianResTime" : 7813.5,
    "minResTime" : 6960.0,
    "maxResTime" : 8715.0,
    "pct1ResTime" : 8694.4,
    "pct2ResTime" : 8714.5,
    "pct3ResTime" : 8715.0,
    "throughput" : 0.23956399353177216,
    "receivedKBytesPerSec" : 0.4159616997065341,
    "sentKBytesPerSec" : 0.23816029825717194
  },
  "10 - Save Shipping Address " : {
    "transaction" : "10 - Save Shipping Address ",
    "sampleCount" : 20,
    "errorCount" : 0,
    "errorPct" : 0.0,
    "meanResTime" : 10756.899999999998,
    "medianResTime" : 10905.0,
    "minResTime" : 9090.0,
    "maxResTime" : 12114.0,
    "pct1ResTime" : 12008.5,
    "pct2ResTime" : 12109.8,
    "pct3ResTime" : 12114.0,
    "throughput" : 0.23492928628482826,
    "receivedKBytesPerSec" : 0.4836239604379082,
    "sentKBytesPerSec" : 0.2863200676596344
  },
  "Get confirm " : {
    "transaction" : "Get confirm ",
    "sampleCount" : 20,
    "errorCount" : 0,
    "errorPct" : 0.0,
    "meanResTime" : 51.849999999999994,
    "medianResTime" : 52.0,
    "minResTime" : 27.0,
    "maxResTime" : 66.0,
    "pct1ResTime" : 62.800000000000004,
    "pct2ResTime" : 65.85,
    "pct3ResTime" : 66.0,
    "throughput" : 0.26430553720100436,
    "receivedKBytesPerSec" : 0.11202012025901942,
    "sentKBytesPerSec" : 0.12492566406766221
  },
  "01 - Login" : {
    "transaction" : "01 - Login",
    "sampleCount" : 28,
    "errorCount" : 0,
    "errorPct" : 0.0,
    "meanResTime" : 3803.4642857142862,
    "medianResTime" : 4025.5,
    "minResTime" : 0.0,
    "maxResTime" : 5008.0,
    "pct1ResTime" : 4649.6,
    "pct2ResTime" : 4934.2,
    "pct3ResTime" : 5008.0,
    "throughput" : 0.1918189229367477,
    "receivedKBytesPerSec" : 0.16994225308451677,
    "sentKBytesPerSec" : 0.10071296267751813
  },
  "Logout-1" : {
    "transaction" : "Logout-1",
    "sampleCount" : 20,
    "errorCount" : 0,
    "errorPct" : 0.0,
    "meanResTime" : 121.70000000000002,
    "medianResTime" : 112.5,
    "minResTime" : 92.0,
    "maxResTime" : 176.0,
    "pct1ResTime" : 161.10000000000002,
    "pct2ResTime" : 175.29999999999998,
    "pct3ResTime" : 176.0,
    "throughput" : 0.2643020443763132,
    "receivedKBytesPerSec" : 5.926663616180571,
    "sentKBytesPerSec" : 0.11924564892759444
  },
  "POST Add to Cart" : {
    "transaction" : "POST Add to Cart",
    "sampleCount" : 20,
    "errorCount" : 0,
    "errorPct" : 0.0,
    "meanResTime" : 58.150000000000006,
    "medianResTime" : 51.5,
    "minResTime" : 36.0,
    "maxResTime" : 130.0,
    "pct1ResTime" : 74.7,
    "pct2ResTime" : 127.24999999999996,
    "pct3ResTime" : 130.0,
    "throughput" : 0.27393132541671805,
    "receivedKBytesPerSec" : 0.30549763049403517,
    "sentKBytesPerSec" : 0.1401757954280862
  },
  "Logout-0" : {
    "transaction" : "Logout-0",
    "sampleCount" : 20,
    "errorCount" : 0,
    "errorPct" : 0.0,
    "meanResTime" : 27.650000000000006,
    "medianResTime" : 28.5,
    "minResTime" : 17.0,
    "maxResTime" : 44.0,
    "pct1ResTime" : 41.60000000000001,
    "pct2ResTime" : 43.9,
    "pct3ResTime" : 44.0,
    "throughput" : 0.2645502645502646,
    "receivedKBytesPerSec" : 0.13718377976190477,
    "sentKBytesPerSec" : 0.11548239087301589
  },
  "SELECT COUNT(*) AS count_after_cleanup" : {
    "transaction" : "SELECT COUNT(*) AS count_after_cleanup",
    "sampleCount" : 1,
    "errorCount" : 0,
    "errorPct" : 0.0,
    "meanResTime" : 3.0,
    "medianResTime" : 3.0,
    "minResTime" : 3.0,
    "maxResTime" : 3.0,
    "pct1ResTime" : 3.0,
    "pct2ResTime" : 3.0,
    "pct3ResTime" : 3.0,
    "throughput" : 333.3333333333333,
    "receivedKBytesPerSec" : 7.486979166666666,
    "sentKBytesPerSec" : 0.0
  },
  "09 - Save Payment Address" : {
    "transaction" : "09 - Save Payment Address",
    "sampleCount" : 20,
    "errorCount" : 0,
    "errorPct" : 0.0,
    "meanResTime" : 8228.7,
    "medianResTime" : 8154.5,
    "minResTime" : 7220.0,
    "maxResTime" : 9041.0,
    "pct1ResTime" : 8969.800000000001,
    "pct2ResTime" : 9038.25,
    "pct3ResTime" : 9041.0,
    "throughput" : 0.2450770154521058,
    "receivedKBytesPerSec" : 0.3810181724606958,
    "sentKBytesPerSec" : 0.20917706201673877
  },
  "GET Cart" : {
    "transaction" : "GET Cart",
    "sampleCount" : 20,
    "errorCount" : 0,
    "errorPct" : 0.0,
    "meanResTime" : 221.7,
    "medianResTime" : 171.0,
    "minResTime" : 110.0,
    "maxResTime" : 509.0,
    "pct1ResTime" : 395.0,
    "pct2ResTime" : 503.29999999999995,
    "pct3ResTime" : 509.0,
    "throughput" : 0.2758506544556777,
    "receivedKBytesPerSec" : 16.024929571879785,
    "sentKBytesPerSec" : 0.12014589051487524
  },
  "POST Save Shipping Method" : {
    "transaction" : "POST Save Shipping Method",
    "sampleCount" : 20,
    "errorCount" : 0,
    "errorPct" : 0.0,
    "meanResTime" : 34.9,
    "medianResTime" : 34.5,
    "minResTime" : 19.0,
    "maxResTime" : 49.0,
    "pct1ResTime" : 42.60000000000001,
    "pct2ResTime" : 48.699999999999996,
    "pct3ResTime" : 49.0,
    "throughput" : 0.2650340568763086,
    "receivedKBytesPerSec" : 0.2233636631682171,
    "sentKBytesPerSec" : 0.13821111950385623
  },
  "GET Home" : {
    "transaction" : "GET Home",
    "sampleCount" : 22,
    "errorCount" : 0,
    "errorPct" : 0.0,
    "meanResTime" : 239.86363636363637,
    "medianResTime" : 255.0,
    "minResTime" : 125.0,
    "maxResTime" : 353.0,
    "pct1ResTime" : 337.9,
    "pct2ResTime" : 351.04999999999995,
    "pct3ResTime" : 353.0,
    "throughput" : 0.1581789291286498,
    "receivedKBytesPerSec" : 5.495945429168194,
    "sentKBytesPerSec" : 0.07090246920903345
  },
  "00 - Register" : {
    "transaction" : "00 - Register",
    "sampleCount" : 530,
    "errorCount" : 0,
    "errorPct" : 0.0,
    "meanResTime" : 35294.23207547171,
    "medianResTime" : 38987.0,
    "minResTime" : 4736.0,
    "maxResTime" : 41681.0,
    "pct1ResTime" : 41174.0,
    "pct2ResTime" : 41309.35,
    "pct3ResTime" : 41494.21,
    "throughput" : 2.7746366796498725,
    "receivedKBytesPerSec" : 71.19352587774061,
    "sentKBytesPerSec" : 1.158740056461239
  },
  "GET Checkout" : {
    "transaction" : "GET Checkout",
    "sampleCount" : 20,
    "errorCount" : 0,
    "errorPct" : 0.0,
    "meanResTime" : 184.65,
    "medianResTime" : 164.5,
    "minResTime" : 115.0,