{
  "POST checkout/shipping_address|save (existing)" : {
    "transaction" : "POST checkout/shipping_address|save (existing)",
    "sampleCount" : 176,
    "errorCount" : 0,
    "errorPct" : 0.0,
    "meanResTime" : 6278.170454545453,
    "medianResTime" : 6214.5,
    "minResTime" : 1961.0,
    "maxResTime" : 11081.0,
    "pct1ResTime" : 9963.800000000001,
    "pct2ResTime" : 10475.15,
    "pct3ResTime" : 10912.369999999997,
    "throughput" : 7.400243871673044,
    "receivedKBytesPerSec" : 9.958531303872514,
    "sentKBytesPerSec" : 4.61069881848379
  },
  "SELECT COUNT(*) AS count_before_cleanup" : {
    "transaction" : "SELECT COUNT(*) AS count_before_cleanup",
    "sampleCount" : 1,
    "errorCount" : 0,
    "errorPct" : 0.0,
    "meanResTime" : 1231.0,
    "medianResTime" : 1231.0,
    "minResTime" : 1231.0,
    "maxResTime" : 1231.0,
    "pct1ResTime" : 1231.0,
    "pct2ResTime" : 1231.0,
    "pct3ResTime" : 1231.0,
    "throughput" : 0.8123476848090982,
    "receivedKBytesPerSec" : 0.011899624289195774,
    "sentKBytesPerSec" : 0.0
  },
  "06 - Add to Cart" : {
    "transaction" : "06 - Add to Cart",
    "sampleCount" : 500,
    "errorCount" : 0,
    "errorPct" : 0.0,
    "meanResTime" : 9440.64999999999,
    "medianResTime" : 9345.0,
    "minResTime" : 7055.0,
    "maxResTime" : 18930.0,
    "pct1ResTime" : 10841.7,
    "pct2ResTime" : 11258.7,
    "pct3ResTime" : 11779.28,
    "throughput" : 5.318583129454313,
    "receivedKBytesPerSec" : 5.931466732262525,
    "sentKBytesPerSec" : 2.7216187107754495
  },
  "10 - Save Shipping Address " : {
    "transaction" : "10 - Save Shipping Address ",
    "sampleCount" : 89,
    "errorCount" : 0,
    "errorPct" : 0.0,
    "meanResTime" : 2968.3033707865166,
    "medianResTime" : 0.0,
    "minResTime" : 0.0,
    "maxResTime" : 13102.0,
    "pct1ResTime" : 7570.0,
    "pct2ResTime" : 8512.0,
    "pct3ResTime" : 13102.0,
    "throughput" : 6.44134037779547,
    "receivedKBytesPerSec" : 1.2076099641745675,
    "sentKBytesPerSec" : 1.2319939883838749
  },
  "01 - Login" : {
    "transaction" : "01 - Login",
    "sampleCount" : 500,
    "errorCount" : 0,
    "errorPct" : 0.0,
    "meanResTime" : 10891.246,
    "medianResTime" : 9919.0,
    "minResTime" : 3871.0,
    "maxResTime" : 22507.0,
    "pct1ResTime" : 17482.8,
    "pct2ResTime" : 18399.85,
    "pct3ResTime" : 19784.760000000002,
    "throughput" : 7.921168530781661,
    "receivedKBytesPerSec" : 7.557599272044612,
    "sentKBytesPerSec" : 4.478863846994709
  },
  "POST Add to Cart" : {
    "transaction" : "POST Add to Cart",
    "sampleCount" : 500,
    "errorCount" : 0,
    "errorPct" : 0.0,
    "meanResTime" : 6452.331999999999,
    "medianResTime" : 6284.0,
    "minResTime" : 4573.0,
    "maxResTime" : 16092.0,
    "pct1ResTime" : 7811.5,
    "pct2ResTime" : 8077.299999999999,
    "pct3ResTime" : 8665.66,
    "throughput" : 5.457621568520438,
    "receivedKBytesPerSec" : 6.086527178955412,
    "sentKBytesPerSec" : 2.7927672870163183
  },
  "SELECT COUNT(*) AS count_after_cleanup" : {
    "transaction" : "SELECT COUNT(*) AS count_after_cleanup",
    "sampleCount" : 1,
    "errorCount" : 0,
    "errorPct" : 0.0,
    "meanResTime" : 5.0,
    "medianResTime" : 5.0,
    "minResTime" : 5.0,
    "maxResTime" : 5.0,
    "pct1ResTime" : 5.0,
    "pct2ResTime" : 5.0,
    "pct3ResTime" : 5.0,
    "throughput" : 200.0,
    "receivedKBytesPerSec" : 4.296875,
    "sentKBytesPerSec" : 0.0
  },
  "09 - Save Payment Address" : {
    "transaction" : "09 - Save Payment Address",
    "sampleCount" : 461,
    "errorCount" : 0,
    "errorPct" : 0.0,
    "meanResTime" : 12647.555314533613,
    "medianResTime" : 10438.0,
    "minResTime" : 0.0,
    "maxResTime" : 27342.0,
    "pct1ResTime" : 25232.6,
    "pct2ResTime" : 25880.6,
    "pct3ResTime" : 26779.66,
    "throughput" : 11.80144894145355,
    "receivedKBytesPerSec" : 10.110120590456441,
    "sentKBytesPerSec" : 7.208507731101041
  },
  "GET Cart" : {
    "transaction" : "GET Cart",
    "sampleCount" : 500,
    "errorCount" : 0,
    "errorPct" : 0.0,
    "meanResTime" : 29839.45400000001,
    "medianResTime" : 30760.5,
    "minResTime" : 18521.0,
    "maxResTime" : 34157.0,
    "pct1ResTime" : 32847.4,
    "pct2ResTime" : 33249.85,
    "pct3ResTime" : 33636.14,
    "throughput" : 4.826347998996119,
    "receivedKBytesPerSec" : 280.3861214140234,
    "sentKBytesPerSec" : 2.102100788625263
  },
  "GET Home" : {
    "transaction" : "GET Home",
    "sampleCount" : 500,
    "errorCount" : 0,
    "errorPct" : 0.0,
    "meanResTime" : 30388.333999999977,
    "medianResTime" : 32742.5,
    "minResTime" : 10602.0,
    "maxResTime" : 36119.0,
    "pct1ResTime" : 34377.9,
    "pct2ResTime" : 34844.6,
    "pct3ResTime" : 35604.15,
    "throughput" : 6.142581604196612,
    "receivedKBytesPerSec" : 213.42471767159302,
    "sentKBytesPerSec" : 2.7533642151623483
  },
  "00 - Register" : {
    "transaction" : "00 - Register",
    "sampleCount" : 550,
    "errorCount" : 0,
    "errorPct" : 0.0,
    "meanResTime" : 53940.776363636345,
    "medianResTime" : 54937.5,
    "minResTime" : 3774.0,
    "maxResTime" : 85956.0,
    "pct1ResTime" : 64512.0,
    "pct2ResTime" : 74056.55,
    "pct3ResTime" : 77270.85,
    "throughput" : 6.328385686342193,
    "receivedKBytesPerSec" : 174.099710728052,
    "sentKBytesPerSec" : 6.275023641554482
  },
  "GET Checkout" : {
    "transaction" : "GET Checkout",
    "sampleCount" : 499,
    "errorCount" : 0,
    "errorPct" : 0.0,
    "meanResTime" : 29651.955911823672,
    "medianResTime" : 29366.0,
    "minResTime" : 18906.0,
    "maxResTime" : 54614.0,
    "pct1ResTime" : 32973.0,
    "pct2ResTime" : 33712.0,
    "pct3ResTime" : 34631.0,
    "throughput" : 6.9167221113328905,
    "receivedKBytesPerSec" : 449.78334888382955,
    "sentKBytesPerSec" : 3.140894318134564
  },
  "GET Set Shipping Address" : {
    "transaction" : "GET Set Shipping Address",
    "sampleCount" : 37,
    "errorCount" : 0,
    "errorPct" : 0.0,
    "meanResTime" : 3615.81081081081,
    "medianResTime" : 3514.0,
    "minResTime" : 2175.0,
    "maxResTime" : 5407.0,
    "pct1ResTime" : 4974.400000000001,
    "pct2ResTime" : 5200.0,
    "pct3ResTime" : 5407.0,
    "throughput" : 3.95088093966898,
    "receivedKBytesPerSec" : 1.674494460758142,
    "sentKBytesPerSec" : 1.7670932327816338
  },
  "Search Product" : {
    "transaction" : "Search Product",
    "sampleCount" : 500,
    "errorCount" : 0,
    "errorPct" : 0.0,
    "meanResTime" : 34311.83200000002,
    "medianResTime" : 34784.0,
    "minResTime" : 28900.0,
    "maxResTime" : 53166.0,
    "pct1ResTime" : 37166.0,
    "pct2ResTime" : 37439.6,
    "pct3ResTime" : 37780.75,
    "throughput" : 4.51924293642329,
    "receivedKBytesPerSec" : 156.04234431772989,
    "sentKBytesPerSec" : 2.193421620510132
  },
  "07 - View Cart" : {
    "transaction" : "07 - View Cart",
    "sampleCount" : 500,
    "errorCount" : 0,
    "errorPct" : 0.0,
    "meanResTime" : 33621.781999999956,
    "medianResTime" : 34404.0,
    "minResTime" : 22683.0,
    "maxResTime" : 39034.0,
    "pct1ResTime" : 36696.7,
    "pct2ResTime" : 37111.6,
    "pct3ResTime" : 38045.87,
    "throughput" : 4.624405763859344,
    "receivedKBytesPerSec" : 268.65431092885814,
    "sentKBytesPerSec" : 2.0141454791809252
  },
  "GET payment_address (extract address_id)" : {
    "transaction" : "GET payment_address (extract address_id)",
    "sampleCount" : 373,
    "errorCount" : 0,
    "errorPct" : 0.0,
    "meanResTime" : 6807.495978552279,
    "medianResTime" : 7200.0,
    "minResTime" : 1750.0,
    "maxResTime" : 10636.0,
    "pct1ResTime" : 9432.800000000001,
    "pct2ResTime" : 9628.6,
    "pct3ResTime" : 10165.199999999999,
    "throughput" : 10.878124179766106,
    "receivedKBytesPerSec" : 4.610454974627431,
    "sentKBytesPerSec" : 5.014135364110939
  },
  "Cleanup all load test data" : {
    "transaction" : "Cleanup all load test data",
    "sampleCount" : 1,
    "errorCount" : 0,
    "errorPct" : 0.0,