{
  "POST checkout/shipping_address|save (existing)" : {
    "transaction" : "POST checkout/shipping_address|save (existing)",
    "sampleCount" : 694,
    "errorCount" : 0,
    "errorPct" : 0.0,
    "meanResTime" : 54.46253602305477,
    "medianResTime" : 49.0,
    "minResTime" : 22.0,
    "maxResTime" : 553.0,
    "pct1ResTime" : 76.0,
    "pct2ResTime" : 90.25,
    "pct3ResTime" : 217.9999999999991,
    "throughput" : 0.5129577260746612,
    "receivedKBytesPerSec" : 0.6914061749318889,
    "sentKBytesPerSec" : 0.3195967082379237
  },
  "SELECT COUNT(*) AS count_before_cleanup" : {
    "transaction" : "SELECT COUNT(*) AS count_before_cleanup",
    "sampleCount" : 1,
    "errorCount" : 0,
    "errorPct" : 0.0,
    "meanResTime" : 1159.0,
    "medianResTime" : 1159.0,
    "minResTime" : 1159.0,
    "maxResTime" : 1159.0,
    "pct1ResTime" : 1159.0,
    "pct2ResTime" : 1159.0,
    "pct3ResTime" : 1159.0,
    "throughput" : 0.8628127696289906,
    "receivedKBytesPerSec" : 0.014324040120793788,
    "sentKBytesPerSec" : 0.0
  },
  "06 - Add to Cart" : {
    "transaction" : "06 - Add to Cart",
    "sampleCount" : 721,
    "errorCount" : 0,
    "errorPct" : 0.0,
    "meanResTime" : 9267.445214979192,
    "medianResTime" : 1938.0,
    "minResTime" : 1043.0,
    "maxResTime" : 280952.0,
    "pct1ResTime" : 20594.200000000004,
    "pct2ResTime" : 28923.299999999985,
    "pct3ResTime" : 81650.73999999986,
    "throughput" : 0.5296559587029968,
    "receivedKBytesPerSec" : 0.5906905320691623,
    "sentKBytesPerSec" : 0.2710348851175491
  },
  "11 - Save Payment Methods" : {
    "transaction" : "11 - Save Payment Methods",
    "sampleCount" : 673,
    "errorCount" : 0,
    "errorPct" : 0.0,
    "meanResTime" : 17235.469539375907,
    "medianResTime" : 8185.0,
    "minResTime" : 0.0,
    "maxResTime" : 304591.0,
    "pct1ResTime" : 36974.200000000004,
    "pct2ResTime" : 48530.39999999997,
    "pct3ResTime" : 256286.53999999992,
    "throughput" : 0.5142873299623187,
    "receivedKBytesPerSec" : 0.8916447031079614,
    "sentKBytesPerSec" : 0.5105142338379667
  },
  "10 - Save Shipping Address " : {
    "transaction" : "10 - Save Shipping Address ",
    "sampleCount" : 679,
    "errorCount" : 0,
    "errorPct" : 0.0,
    "meanResTime" : 26305.32547864505,
    "medianResTime" : 15986.0,
    "minResTime" : 3397.0,
    "maxResTime" : 352093.0,
    "pct1ResTime" : 45296.0,
    "pct2ResTime" : 62493.0,
    "pct3ResTime" : 290953.80000000016,
    "throughput" : 0.5027354286319303,
    "receivedKBytesPerSec" : 1.1414647183293338,
    "sentKBytesPerSec" : 0.7251369414935166
  },
  "Get confirm " : {
    "transaction" : "Get confirm ",
    "sampleCount" : 661,
    "errorCount" : 0,
    "errorPct" : 0.0,
    "meanResTime" : 54.6293494704992,
    "medianResTime" : 47.0,
    "minResTime" : 23.0,
    "maxResTime" : 442.0,
    "pct1ResTime" : 89.0,
    "pct2ResTime" : 112.89999999999998,
    "pct3ResTime" : 164.51999999999998,
    "throughput" : 0.509614050236689,
    "receivedKBytesPerSec" : 0.21598876738547176,
    "sentKBytesPerSec" : 0.2408722659321851
  },
  "01 - Login" : {
    "transaction" : "01 - Login",
    "sampleCount" : 737,
    "errorCount" : 0,
    "errorPct" : 0.0,
    "meanResTime" : 8729.629579375858,
    "medianResTime" : 1826.0,
    "minResTime" : 1034.0,
    "maxResTime" : 338632.0,
    "pct1ResTime" : 19563.600000000006,
    "pct2ResTime" : 28793.20000000002,
    "pct3ResTime" : 70536.54000000002,
    "throughput" : 0.5359836281364496,
    "receivedKBytesPerSec" : 0.5113828170794056,
    "sentKBytesPerSec" : 0.30306105536230893
  },
  "Logout-1" : {
    "transaction" : "Logout-1",
    "sampleCount" : 657,
    "errorCount" : 0,
    "errorPct" : 0.0,
    "meanResTime" : 173.81887366818896,
    "medianResTime" : 142.0,
    "minResTime" : 82.0,
    "maxResTime" : 991.0,
    "pct1ResTime" : 273.0,
    "pct2ResTime" : 346.30000000000007,
    "pct3ResTime" : 741.1199999999985,
    "throughput" : 0.5073562799432874,
    "receivedKBytesPerSec" : 11.376870019587658,
    "sentKBytesPerSec" : 0.22890488411503782
  },
  "POST Add to Cart" : {
    "transaction" : "POST Add to Cart",
    "sampleCount" : 721,
    "errorCount" : 0,
    "errorPct" : 0.0,
    "meanResTime" : 62.99583911234395,
    "medianResTime" : 57.0,
    "minResTime" : 22.0,
    "maxResTime" : 379.0,
    "pct1ResTime" : 86.0,
    "pct2ResTime" : 105.89999999999998,
    "pct3ResTime" : 197.0,
    "throughput" : 0.5304177278699571,
    "receivedKBytesPerSec" : 0.5915400832299718,
    "sentKBytesPerSec" : 0.27142469668345465
  },
  "Logout-0" : {
    "transaction" : "Logout-0",
    "sampleCount" : 657,
    "errorCount" : 0,
    "errorPct" : 0.0,
    "meanResTime" : 31.995433789954298,
    "medianResTime" : 28.0,
    "minResTime" : 14.0,
    "maxResTime" : 382.0,
    "pct1ResTime" : 45.0,
    "pct2ResTime" : 57.0,
    "pct3ResTime" : 146.49999999999898,
    "throughput" : 0.5073907603910848,
    "receivedKBytesPerSec" : 0.26310985719498636,
    "sentKBytesPerSec" : 0.22148795888165518
  },
  "SELECT COUNT(*) AS count_after_cleanup" : {
    "transaction" : "SELECT COUNT(*) AS count_after_cleanup",
    "sampleCount" : 1,
    "errorCount" : 0,
    "errorPct" : 0.0,
    "meanResTime" : 4.0,
    "medianResTime" : 4.0,
    "minResTime" : 4.0,
    "maxResTime" : 4.0,
    "pct1ResTime" : 4.0,
    "pct2ResTime" : 4.0,
    "pct3ResTime" : 4.0,
    "throughput" : 250.0,
    "receivedKBytesPerSec" : 5.37109375,
    "sentKBytesPerSec" : 0.0
  },
  "09 - Save Payment Address" : {
    "transaction" : "09 - Save Payment Address",
    "sampleCount" : 694,
    "errorCount" : 0,
    "errorPct" : 0.0,
    "meanResTime" : 17421.046109510098,
    "medianResTime" : 10134.5,
    "minResTime" : 2178.0,
    "maxResTime" : 292311.0,
    "pct1ResTime" : 35029.5,
    "pct2ResTime" : 47480.5,
    "pct3ResTime" : 264956.7499999999,
    "throughput" : 0.5119640238306712,
    "receivedKBytesPerSec" : 0.9070515344535558,
    "sentKBytesPerSec" : 0.5549610023945752
  },
  "GET Cart" : {
    "transaction" : "GET Cart",
    "sampleCount" : 711,
    "errorCount" : 0,
    "errorPct" : 0.0,
    "meanResTime" : 193.1026722925456,
    "medianResTime" : 167.0,
    "minResTime" : 94.0,
    "maxResTime" : 1178.0,
    "pct1ResTime" : 291.0,
    "pct2ResTime" : 362.4,
    "pct3ResTime" : 548.0799999999999,
    "throughput" : 0.5254192823703726,
    "receivedKBytesPerSec" : 30.52490069293825,
    "sentKBytesPerSec" : 0.22884472650115836
  },
  "POST Save Shipping Method" : {
    "transaction" : "POST Save Shipping Method",
    "sampleCount" : 679,
    "errorCount" : 0,
    "errorPct" : 0.0,
    "meanResTime" : 38.7437407952872,
    "medianResTime" : 33.0,
    "minResTime" : 16.0,
    "maxResTime" : 366.0,
    "pct1ResTime" : 54.0,
    "pct2ResTime" : 69.0,
    "pct3ResTime" : 237.2000000000005,
    "throughput" : 0.5167801325057748,
    "receivedKBytesPerSec" : 0.4355285687035973,
    "sentKBytesPerSec" : 0.26949276441219117
  },
  "GET Home" : {
    "transaction" : "GET Home",
    "sampleCount" : 733,
    "errorCount" : 0,
    "errorPct" : 0.0,
    "meanResTime" : 203.78171896316508,
    "medianResTime" : 168.0,
    "minResTime" : 92.0,
    "maxResTime" : 1540.0,
    "pct1ResTime" : 301.20000000000005,
    "pct2ResTime" : 378.89999999999986,
    "pct3ResTime" : 1155.1599999999992,
    "throughput" : 0.5388374636854424,
    "receivedKBytesPerSec" : 18.72197082076597,
    "sentKBytesPerSec" : 0.24152968342931452
  },
  "00 - Register" : {
    "transaction" : "00 - Register",
    "sampleCount" : 742,
    "errorCount" : 0,
    "errorPct" : 0.0,
    "meanResTime" : 423.8328840970346,
    "medianResTime" : 379.5,
    "minResTime" : 0.0,
    "maxResTime" : 2336.0,
    "pct1ResTime" : 543.0,
    "pct2ResTime" : 670.7,
    "pct3ResTime" : 1290.9000000000035,
    "throughput" : 0.5411397482460363,
    "receivedKBytesPerSec" : 14.914061816282326,
    "sentKBytesPerSec" : 0.5688509680074826
  },
  "GET Checkout" : {
    "transaction" : "GET Checkout",