{
  "POST checkout/shipping_address|save (existing)" : {
    "transaction" : "POST checkout/shipping_address|save (existing)",
    "sampleCount" : 131,
    "errorCount" : 0,
    "errorPct" : 0.0,
    "meanResTime" : 57.19083969465652,
    "medianResTime" : 61.0,
    "minResTime" : 27.0,
    "maxResTime" : 94.0,
    "pct1ResTime" : 71.8,
    "pct2ResTime" : 75.0,
    "pct3ResTime" : 93.04000000000002,
    "throughput" : 0.0029806587556191104,
    "receivedKBytesPerSec" : 0.004019814200693351,
    "sentKBytesPerSec" : 0.0018570901231298755
  },
  "SELECT COUNT(*) AS count_before_cleanup" : {
    "transaction" : "SELECT COUNT(*) AS count_before_cleanup",
    "sampleCount" : 1,
    "errorCount" : 0,
    "errorPct" : 0.0,
    "meanResTime" : 1134.0,
    "medianResTime" : 1134.0,
    "minResTime" : 1134.0,
    "maxResTime" : 1134.0,
    "pct1ResTime" : 1134.0,
    "pct2ResTime" : 1134.0,
    "pct3ResTime" : 1134.0,
    "throughput" : 0.8818342151675485,
    "receivedKBytesPerSec" : 0.014639825837742506,
    "sentKBytesPerSec" : 0.0
  },
  "06 - Add to Cart" : {
    "transaction" : "06 - Add to Cart",
    "sampleCount" : 135,
    "errorCount" : 0,
    "errorPct" : 0.0,
    "meanResTime" : 321612.074074074,
    "medianResTime" : 4973.0,
    "minResTime" : 3725.0,
    "maxResTime" : 4.2462486E7,
    "pct1ResTime" : 5962.2,
    "pct2ResTime" : 6078.0,
    "pct3ResTime" : 2.7278765639999423E7,
    "throughput" : 0.003068557367759668,
    "receivedKBytesPerSec" : 0.0034221606581850985,
    "sentKBytesPerSec" : 0.0015702383405332677
  },
  "11 - Save Payment Methods" : {
    "transaction" : "11 - Save Payment Methods",
    "sampleCount" : 128,
    "errorCount" : 0,
    "errorPct" : 0.0,
    "meanResTime" : 679786.4609374999,
    "medianResTime" : 12044.5,
    "minResTime" : 9935.0,
    "maxResTime" : 4.2470216E7,
    "pct1ResTime" : 13442.9,
    "pct2ResTime" : 13744.5,
    "pct3ResTime" : 4.247012813E7,
    "throughput" : 0.0029129212681530178,
    "receivedKBytesPerSec" : 0.005038630186143407,
    "sentKBytesPerSec" : 0.0028839858472306606
  },
  "10 - Save Shipping Address " : {
    "transaction" : "10 - Save Shipping Address ",
    "sampleCount" : 130,
    "errorCount" : 0,
    "errorPct" : 0.0,
    "meanResTime" : 676087.1230769235,
    "medianResTime" : 16601.5,
    "minResTime" : 0.0,
    "maxResTime" : 4.2474683E7,
    "pct1ResTime" : 18877.7,
    "pct2ResTime" : 19737.149999999998,
    "pct3ResTime" : 4.247388909E7,
    "throughput" : 0.002957910279163704,
    "receivedKBytesPerSec" : 0.005564946450618018,
    "sentKBytesPerSec" : 0.003073475869322436
  },
  "Get confirm " : {
    "transaction" : "Get confirm ",
    "sampleCount" : 127,
    "errorCount" : 0,
    "errorPct" : 0.0,
    "meanResTime" : 48.5748031496063,
    "medianResTime" : 50.0,
    "minResTime" : 27.0,
    "maxResTime" : 70.0,
    "pct1ResTime" : 59.0,
    "pct2ResTime" : 64.6,
    "pct3ResTime" : 69.72,
    "throughput" : 0.002891096295292296,
    "receivedKBytesPerSec" : 0.0012253279220281802,
    "sentKBytesPerSec" : 0.0013664947333217492
  },
  "01 - Login" : {
    "transaction" : "01 - Login",
    "sampleCount" : 139,
    "errorCount" : 0,
    "errorPct" : 0.0,
    "meanResTime" : 6084.107913669068,
    "medianResTime" : 6015.0,
    "minResTime" : 4741.0,
    "maxResTime" : 7293.0,
    "pct1ResTime" : 6915.0,
    "pct2ResTime" : 7052.0,
    "pct3ResTime" : 7282.599999999999,
    "throughput" : 0.003155792747057422,
    "receivedKBytesPerSec" : 0.0030109467908936535,
    "sentKBytesPerSec" : 0.0017843789067834446
  },
  "Logout-1" : {
    "transaction" : "Logout-1",
    "sampleCount" : 127,
    "errorCount" : 0,
    "errorPct" : 0.0,
    "meanResTime" : 123.73228346456698,
    "medianResTime" : 120.0,
    "minResTime" : 91.0,
    "maxResTime" : 188.0,
    "pct1ResTime" : 149.60000000000002,
    "pct2ResTime" : 169.79999999999995,
    "pct3ResTime" : 186.04,
    "throughput" : 0.002891149605996636,
    "receivedKBytesPerSec" : 0.06483064184853003,
    "sentKBytesPerSec" : 0.0013044053886430134
  },
  "POST Add to Cart" : {
    "transaction" : "POST Add to Cart",
    "sampleCount" : 135,
    "errorCount" : 0,
    "errorPct" : 0.0,
    "meanResTime" : 64.19999999999997,
    "medianResTime" : 67.0,
    "minResTime" : 31.0,
    "maxResTime" : 95.0,
    "pct1ResTime" : 78.4,
    "pct2ResTime" : 81.0,
    "pct3ResTime" : 93.19999999999993,
    "throughput" : 0.00306885905957883,
    "receivedKBytesPerSec" : 0.003422497115272484,
    "sentKBytesPerSec" : 0.0015703927218938543
  },
  "Logout-0" : {
    "transaction" : "Logout-0",
    "sampleCount" : 127,
    "errorCount" : 0,
    "errorPct" : 0.0,
    "meanResTime" : 29.61417322834647,
    "medianResTime" : 30.0,
    "minResTime" : 15.0,
    "maxResTime" : 59.0,
    "pct1ResTime" : 35.0,
    "pct2ResTime" : 40.599999999999994,
    "pct3ResTime" : 57.879999999999995,
    "throughput" : 0.0028911553978952617,
    "receivedKBytesPerSec" : 0.0014992221838695157,
    "sentKBytesPerSec" : 0.00126205709263592
  },
  "SELECT COUNT(*) AS count_after_cleanup" : {
    "transaction" : "SELECT COUNT(*) AS count_after_cleanup",
    "sampleCount" : 1,
    "errorCount" : 0,
    "errorPct" : 0.0,
    "meanResTime" : 4.0,
    "medianResTime" : 4.0,
    "minResTime" : 4.0,
    "maxResTime" : 4.0,
    "pct1ResTime" : 4.0,
    "pct2ResTime" : 4.0,
    "pct3ResTime" : 4.0,
    "throughput" : 250.0,
    "receivedKBytesPerSec" : 5.37109375,
    "sentKBytesPerSec" : 0.0
  },
  "09 - Save Payment Address" : {
    "transaction" : "09 - Save Payment Address",
    "sampleCount" : 131,
    "errorCount" : 0,
    "errorPct" : 0.0,
    "meanResTime" : 338159.8167938933,
    "medianResTime" : 11957.0,
    "minResTime" : 9723.0,
    "maxResTime" : 4.2468017E7,
    "pct1ResTime" : 13225.4,
    "pct2ResTime" : 13556.8,
    "pct3ResTime" : 2.897195460000029E7,
    "throughput" : 0.002979828675318982,
    "receivedKBytesPerSec" : 0.0041633056279592,
    "sentKBytesPerSec" : 0.002013845628929123
  },
  "GET Cart" : {
    "transaction" : "GET Cart",
    "sampleCount" : 133,
    "errorCount" : 0,
    "errorPct" : 0.0,
    "meanResTime" : 148.35338345864656,
    "medianResTime" : 145.0,
    "minResTime" : 103.0,
    "maxResTime" : 309.0,
    "pct1ResTime" : 176.8,
    "pct2ResTime" : 195.3,
    "pct3ResTime" : 281.7999999999997,
    "throughput" : 0.0030259712514529784,
    "receivedKBytesPerSec" : 0.17580479263934767,
    "sentKBytesPerSec" : 0.0013179523224101837
  },
  "POST Save Shipping Method" : {
    "transaction" : "POST Save Shipping Method",
    "sampleCount" : 129,
    "errorCount" : 0,
    "errorPct" : 0.0,
    "meanResTime" : 35.775193798449614,
    "medianResTime" : 37.0,
    "minResTime" : 19.0,
    "maxResTime" : 75.0,
    "pct1ResTime" : 42.0,
    "pct2ResTime" : 44.5,
    "pct3ResTime" : 70.79999999999984,
    "throughput" : 0.002936440873863862,
    "receivedKBytesPerSec" : 0.002474754369281751,
    "sentKBytesPerSec" : 0.00153130803383135
  },
  "GET Home" : {
    "transaction" : "GET Home",
    "sampleCount" : 138,
    "errorCount" : 0,
    "errorPct" : 0.0,
    "meanResTime" : 143.94202898550728,
    "medianResTime" : 142.0,
    "minResTime" : 103.0,
    "maxResTime" : 238.0,
    "pct1ResTime" : 167.0,
    "pct2ResTime" : 182.04999999999998,
    "pct3ResTime" : 226.68999999999957,
    "throughput" : 0.0031367915945441373,
    "receivedKBytesPerSec" : 0.10898819154520104,
    "sentKBytesPerSec" : 0.0014060423260700771
  },
  "00 - Register" : {
    "transaction" : "00 - Register",
    "sampleCount" : 141,
    "errorCount" : 0,
    "errorPct" : 0.0,
    "meanResTime" : 915535.4822695034,
    "medianResTime" : 12374.0,
    "minResTime" : 5733.0,
    "maxResTime" : 4.2468731E7,
    "pct1ResTime" : 13568.6,
    "pct2ResTime" : 14022.0,
    "pct3ResTime" : 4.246871546E7,
    "throughput" : 0.0032006698797760295,
    "receivedKBytesPerSec" : 0.0882876713084779,
    "sentKBytesPerSec" : 0.003338531180074727
  },
  "GET Checkout" : {
    "transaction" : "GET Checkout",