{
  "POST checkout/shipping_address|save (existing)" : {
    "transaction" : "POST checkout/shipping_address|save (existing)",
    "sampleCount" : 603,
    "errorCount" : 0,
    "errorPct" : 0.0,
    "meanResTime" : 3424.7810945273623,
    "medianResTime" : 3300.0,
    "minResTime" : 24.0,
    "maxResTime" : 9605.0,
    "pct1ResTime" : 7622.6,
    "pct2ResTime" : 8252.399999999998,
    "pct3ResTime" : 9031.92000000001,
    "throughput" : 2.6714276853829046,
    "receivedKBytesPerSec" : 3.5949485844312914,
    "sentKBytesPerSec" : 1.6644246711663018
  },
  "SELECT COUNT(*) AS count_before_cleanup" : {
    "transaction" : "SELECT COUNT(*) AS count_before_cleanup",
    "sampleCount" : 1,
    "errorCount" : 0,
    "errorPct" : 0.0,
    "meanResTime" : 1223.0,
    "medianResTime" : 1223.0,
    "minResTime" : 1223.0,
    "maxResTime" : 1223.0,
    "pct1ResTime" : 1223.0,
    "pct2ResTime" : 1223.0,
    "pct3ResTime" : 1223.0,
    "throughput" : 0.8176614881439085,
    "receivedKBytesPerSec" : 0.011977463205233033,
    "sentKBytesPerSec" : 0.0
  },
  "06 - Add to Cart" : {
    "transaction" : "06 - Add to Cart",
    "sampleCount" : 650,
    "errorCount" : 0,
    "errorPct" : 0.0,
    "meanResTime" : 8061.036923076912,
    "medianResTime" : 9090.5,
    "minResTime" : 2223.0,
    "maxResTime" : 12573.0,
    "pct1ResTime" : 10967.4,
    "pct2ResTime" : 11388.749999999998,
    "pct3ResTime" : 11987.060000000001,
    "throughput" : 2.042573516934506,
    "receivedKBytesPerSec" : 2.2779481995500053,
    "sentKBytesPerSec" : 1.045223166868829
  },
  "11 - Save Payment Methods" : {
    "transaction" : "11 - Save Payment Methods",
    "sampleCount" : 222,
    "errorCount" : 0,
    "errorPct" : 0.0,
    "meanResTime" : 5080.22072072072,
    "medianResTime" : 6110.0,
    "minResTime" : 0.0,
    "maxResTime" : 13195.0,
    "pct1ResTime" : 8553.1,
    "pct2ResTime" : 8933.1,
    "pct3ResTime" : 12294.960000000017,
    "throughput" : 1.441801862652136,
    "receivedKBytesPerSec" : 1.4516452453011548,
    "sentKBytesPerSec" : 0.8188273669580579
  },
  "10 - Save Shipping Address " : {
    "transaction" : "10 - Save Shipping Address ",
    "sampleCount" : 603,
    "errorCount" : 0,
    "errorPct" : 0.0,
    "meanResTime" : 10511.81260364843,
    "medianResTime" : 10637.0,
    "minResTime" : 0.0,
    "maxResTime" : 24267.0,
    "pct1ResTime" : 17202.000000000004,
    "pct2ResTime" : 18561.2,
    "pct3ResTime" : 20742.24000000001,
    "throughput" : 2.7901553325282142,
    "receivedKBytesPerSec" : 4.08464729174475,
    "sentKBytesPerSec" : 2.694079263200026
  },
  "Get confirm " : {
    "transaction" : "Get confirm ",
    "sampleCount" : 100,
    "errorCount" : 0,
    "errorPct" : 0.0,
    "meanResTime" : 48.32999999999999,
    "medianResTime" : 45.5,
    "minResTime" : 24.0,
    "maxResTime" : 137.0,
    "pct1ResTime" : 64.9,
    "pct2ResTime" : 84.74999999999994,
    "pct3ResTime" : 136.99,
    "throughput" : 1.2429926290537099,
    "receivedKBytesPerSec" : 0.5268152353606543,
    "sentKBytesPerSec" : 0.5875082348261675
  },
  "01 - Login" : {
    "transaction" : "01 - Login",
    "sampleCount" : 650,
    "errorCount" : 0,
    "errorPct" : 0.0,
    "meanResTime" : 8737.118461538468,
    "medianResTime" : 8602.0,
    "minResTime" : 3146.0,
    "maxResTime" : 16246.0,
    "pct1ResTime" : 13486.0,
    "pct2ResTime" : 13916.45,
    "pct3ResTime" : 14525.460000000001,
    "throughput" : 1.4155021439413242,
    "receivedKBytesPerSec" : 1.3505328072565173,
    "sentKBytesPerSec" : 0.8003669349043229
  },
  "Logout-1" : {
    "transaction" : "Logout-1",
    "sampleCount" : 100,
    "errorCount" : 0,
    "errorPct" : 0.0,
    "meanResTime" : 239.33,
    "medianResTime" : 217.5,
    "minResTime" : 103.0,
    "maxResTime" : 485.0,
    "pct1ResTime" : 404.70000000000005,
    "pct2ResTime" : 451.74999999999994,
    "pct3ResTime" : 484.7999999999999,
    "throughput" : 1.2301182143604,
    "receivedKBytesPerSec" : 27.583959412249516,
    "sentKBytesPerSec" : 0.5549947412446335
  },
  "POST Add to Cart" : {
    "transaction" : "POST Add to Cart",
    "sampleCount" : 650,
    "errorCount" : 0,
    "errorPct" : 0.0,
    "meanResTime" : 5058.621538461543,
    "medianResTime" : 6124.5,
    "minResTime" : 24.0,
    "maxResTime" : 9346.0,
    "pct1ResTime" : 7937.9,
    "pct2ResTime" : 8342.8,
    "pct3ResTime" : 8794.16,
    "throughput" : 2.05626575811355,
    "receivedKBytesPerSec" : 2.293218257583666,
    "sentKBytesPerSec" : 1.0522297434096681
  },
  "Logout-0" : {
    "transaction" : "Logout-0",
    "sampleCount" : 100,
    "errorCount" : 0,
    "errorPct" : 0.0,
    "meanResTime" : 36.98000000000001,
    "medianResTime" : 32.0,
    "minResTime" : 15.0,
    "maxResTime" : 106.0,
    "pct1ResTime" : 63.80000000000001,
    "pct2ResTime" : 74.74999999999994,
    "pct3ResTime" : 105.93999999999997,
    "throughput" : 1.2319670818395732,
    "receivedKBytesPerSec" : 0.6388423051336067,
    "sentKBytesPerSec" : 0.5377825054514543
  },
  "SELECT COUNT(*) AS count_after_cleanup" : {
    "transaction" : "SELECT COUNT(*) AS count_after_cleanup",
    "sampleCount" : 1,
    "errorCount" : 0,
    "errorPct" : 0.0,
    "meanResTime" : 6.0,
    "medianResTime" : 6.0,
    "minResTime" : 6.0,
    "maxResTime" : 6.0,
    "pct1ResTime" : 6.0,
    "pct2ResTime" : 6.0,
    "pct3ResTime" : 6.0,
    "throughput" : 166.66666666666666,
    "receivedKBytesPerSec" : 3.90625,
    "sentKBytesPerSec" : 0.0
  },
  "09 - Save Payment Address" : {
    "transaction" : "09 - Save Payment Address",
    "sampleCount" : 631,
    "errorCount" : 0,
    "errorPct" : 0.0,
    "meanResTime" : 15082.125198098263,
    "medianResTime" : 15240.0,
    "minResTime" : 0.0,
    "maxResTime" : 29630.0,
    "pct1ResTime" : 22861.4,
    "pct2ResTime" : 24110.4,
    "pct3ResTime" : 25881.319999999996,
    "throughput" : 2.5622908748335123,
    "receivedKBytesPerSec" : 4.241644954703083,
    "sentKBytesPerSec" : 2.5550339904533343
  },
  "GET Cart" : {
    "transaction" : "GET Cart",
    "sampleCount" : 649,
    "errorCount" : 0,
    "errorPct" : 0.0,
    "meanResTime" : 22098.28505392909,
    "medianResTime" : 26962.0,
    "minResTime" : 99.0,
    "maxResTime" : 33436.0,
    "pct1ResTime" : 31798.0,
    "pct2ResTime" : 32233.0,
    "pct3ResTime" : 32970.5,
    "throughput" : 2.108066847481851,
    "receivedKBytesPerSec" : 122.471684397991,
    "sentKBytesPerSec" : 0.9181619277118217
  },
  "POST Save Shipping Method" : {
    "transaction" : "POST Save Shipping Method",
    "sampleCount" : 284,
    "errorCount" : 0,
    "errorPct" : 0.0,
    "meanResTime" : 1084.9507042253515,
    "medianResTime" : 1291.0,
    "minResTime" : 18.0,
    "maxResTime" : 3218.0,
    "pct1ResTime" : 2139.0,
    "pct2ResTime" : 2752.5,
    "pct3ResTime" : 3161.0499999999984,
    "throughput" : 1.9297673407262448,
    "receivedKBytesPerSec" : 1.6263566553190911,
    "sentKBytesPerSec" : 1.006343515574038
  },
  "GET Home" : {
    "transaction" : "GET Home",
    "sampleCount" : 650,
    "errorCount" : 0,
    "errorPct" : 0.0,
    "meanResTime" : 21575.799999999985,
    "medianResTime" : 26584.0,
    "minResTime" : 102.0,
    "maxResTime" : 36878.0,
    "pct1ResTime" : 32043.8,
    "pct2ResTime" : 32437.7,
    "pct3ResTime" : 33953.280000000006,
    "throughput" : 1.45603447889646,
    "receivedKBytesPerSec" : 50.59008859829801,
    "sentKBytesPerSec" : 0.652656079895972
  },
  "00 - Register" : {
    "transaction" : "00 - Register",
    "sampleCount" : 650,
    "errorCount" : 0,
    "errorPct" : 0.0,
    "meanResTime" : 38966.489230769206,
    "medianResTime" : 46135.5,
    "minResTime" : 7279.0,
    "maxResTime" : 59407.0,
    "pct1ResTime" : 57055.8,
    "pct2ResTime" : 57650.45,
    "pct3ResTime" : 58607.78,
    "throughput" : 1.3851566612183839,
    "receivedKBytesPerSec" : 38.22707738870266,
    "sentKBytesPerSec" : 1.4580646817549294
  },
  "GET Checkout" : {
    "transaction" : "GET Checkout",
    "sampleCount" : 634,
    "errorCount" : 0,